filename,isotope,energy,counts,unc_counts,intensity,unc_intensity,efficiency,unc_efficiency,decays,unc_decays,decay_rate,unc_decay_rate,chi2,start_time,live_time,real_time
/Users/hannah.ekeberg/PhD/Ta_Sn_analysis/spectra/LEPS/CM09242025_Ta06_10cm_LEPS.Spe,176TAg,88.35,1.907050120188111e-09,906.1876882484584,0.11900000000000001,0.0059499999999999996,5.919180338079068e-05,0.00028733058371253244,0.0002773581836010417,131794423.52014734,2.877159580923669e-07,136716.2069711072,83.20912690650134,09/24/2025 21:02:04,941.0,964.0
/Users/hannah.ekeberg/PhD/Ta_Sn_analysis/spectra/LEPS/CM09242025_Ta06_10cm_LEPS.Spe,176LUm1,88.361,7436.67408804141,1302.563589517075,0.08900000000000001,0.004,5.919965567841834e-05,0.0002872598629423101,1445962307.0714028,7021264452.389526,1499960.8994516626,7283469.3489517905,83.20912690650134,09/24/2025 21:02:04,941.0,964.0
/Users/hannah.ekeberg/PhD/Ta_Sn_analysis/spectra/LEPS/CM09242025_Ta06_10cm_LEPS.Spe,178TAg,93.13,20529.19823895296,4807.685021346545,0.066,0.019,6.267383776121545e-05,0.00025620064534840725,5084276657.47019,20869209747.260887,5274145.910238787,21648557.829108804,3.9705066612880398,09/24/2025 21:02:04,941.0,964.0
/Users/hannah.ekeberg/PhD/Ta_Sn_analysis/spectra/LEPS/CM09242025_Ta06_10cm_LEPS.Spe,180TAg,93.324,21861.5955138911,4804.691918004968,0.0451,0.002255,6.281741205854225e-05,0.0002549212209107664,7905196739.13167,32129803127.82289,8200411.55511584,33329671.294422086,3.9705066612880398,09/24/2025 21:02:04,941.0,964.0
/Users/hannah.ekeberg/PhD/Ta_Sn_analysis/spectra/LEPS/CM09242025_Ta06_10cm_LEPS.Spe,180TAg,103.6,4278.290782695273,158.36097871676793,0.0087,0.0024,7.062772781265118e-05,0.0001865287259636456,7132852151.768091,18942593668.200523,7399224.223825821,19649993.431743283,4.629268949653891,09/24/2025 21:02:04,941.0,964.0
/Users/hannah.ekeberg/PhD/Ta_Sn_analysis/spectra/LEPS/CM09242025_Ta06_10cm_LEPS.Spe,172LUg,181.525,44.638894510191896,20.198363880375684,0.20600000000000002,0.009000000000000001,0.00012445589138100128,0.00015921788582026392,1783685.0041602599,2436340.4748302265,1850.2956474691491,2527.3241440147576,1.053086140658008,09/24/2025 21:02:04,941.0,964.0
/Users/hannah.ekeberg/PhD/Ta_Sn_analysis/spectra/LEPS/CM09242025_Ta06_10cm_LEPS.Spe,176TAg,201.84,22.064302930870177,13.207871750723605,0.057,0.0028499999999999997,0.00013312282885687862,0.0001646297553181912,2978860.9309194903,4144280.1036780574,3090.1047001239526,4299.045750703379,1.2876239185455371,09/24/2025 21:02:04,941.0,964.0
/Users/hannah.ekeberg/PhD/Ta_Sn_analysis/spectra/LEPS/CM09242025_Ta06_10cm_LEPS.Spe,177LUm1,208.3662,87.99964945765133,24.41365939418663,0.574,0.024,0.0001354414548257327,0.0001627969596773485,1159591.037964018,1436591.3441216345,1202.895267597529,1490.2399835286665,1.439999116921189,09/24/2025 21:02:04,941.0,964.0
/Users/hannah.ekeberg/PhD/Ta_Sn_analysis/spectra/LEPS/CM09242025_Ta06_10cm_LEPS.Spe,178TAg,213.39,4383.791918619492,564.873976216123,0.00086,0.00014000000000000001,0.00013708047180604837,0.00016055788647878656,38094589707.14386,45318151743.3969,39517209.23977579,47010530.85414616,1.219866287020816,09/24/2025 21:02:04,941.0,964.0
/Users/hannah.ekeberg/PhD/Ta_Sn_analysis/spectra/LEPS/CM09242025_Ta06_10cm_LEPS.Spe,172TAg,214.07,200.41595627476656,548.4374456643759,0.55,0.0275,0.0001372928307341959,0.0001602075250645061,2718999.6817574454,8092194.370645012,2820.5390889600058,8394.392500669099,1.219866287020816,09/24/2025 21:02:04,941.0,964.0
/Users/hannah.ekeberg/PhD/Ta_Sn_analysis/spectra/LEPS/CM09242025_Ta06_10cm_LEPS.Spe,177LUm1,228.4838,57.697650208927804,21.0698803584406,0.371,0.016,0.0001412870953827785,0.00015078879485859665,1127636.5143297222,1281528.470582178,1169.7474215038612,1329.386380271969,1.848412664351393,09/24/2025 21:02:04,941.0,964.0
/Users/hannah.ekeberg/PhD/Ta_Sn_analysis/spectra/LEPS/CM09242025_Ta06_10cm_LEPS.Spe,177LUm1,281.7868,42.97628834494812,19.68983097318047,0.142,0.006,0.0001499322968958799,0.00010587164519506283,2067915.4439830321,1771154.5100455775,2145.1405020570874,1837.297209590848,1.4136949921204796,09/24/2025 21:02:04,941.0,964.0
/Users/hannah.ekeberg/PhD/Ta_Sn_analysis/spectra/LEPS/CM09242025_Ta06_10cm_LEPS.Spe,177LUm1,319.021,49.93659969557299,19.538623785980253,0.105,0.005,0.0001527903880415115,8.610414651242294e-05,3188754.205483332,2238873.864198358,3307.8363127420453,2322.4832616165536,1.1410790709579919,09/24/2025 21:02:04,941.0,964.0
/Users/hannah.ekeberg/PhD/Ta_Sn_analysis/spectra/LEPS/CM09242025_Ta06_10cm_LEPS.Spe,177LUm1,327.6829,26.98470776601369,16.932450073385194,0.18100000000000002,0.008,0.0001531869571914175,8.468590883349237e-05,997022.0543030695,856722.5264543575,1034.2552430529765,888.7163137493336,2.130838210888099,09/24/2025 21:02:04,941.0,964.0
/Users/hannah.ekeberg/PhD/Ta_Sn_analysis/spectra/LEPS/CM09242025_Ta06_10cm_LEPS.Spe,175HFg,343.4,31.49648929727447,12.481298600925971,0.84,0.042,0.00015369187483069653,8.526061292637256e-05,249930.56132125345,176556.44360351312,259.26406776063635,183.1498377629804,1.613335215831138,09/24/2025 21:02:04,941.0,964.0
/Users/hannah.ekeberg/PhD/Ta_Sn_analysis/spectra/LEPS/CM09242025_Ta06_10cm_LEPS.Spe,175TAg,348.5,18.919187828036147,8.981430608241034,0.12,0.011000000000000001,0.00015380209568303057,8.622500999212691e-05,1050138.0631972519,814058.3526316029,1089.3548373415476,844.4588720244843,1.5514810234145615,09/24/2025 21:02:04,941.0,964.0
/Users/hannah.ekeberg/PhD/Ta_Sn_analysis/spectra/LEPS/CM09242025_Ta06_10cm_LEPS.Spe,179HFm2,362.55,3.8074770565335645,6.848573630358925,0.396,0.015,0.00015402284977399428,9.056470695772859e-05,63950.56193463757,125401.77079624514,66.33875719360744,130.0848244774327,1.4011051572621807,09/24/2025 21:02:04,941.0,964.0
/Users/hannah.ekeberg/PhD/Ta_Sn_analysis/spectra/LEPS/CM09242025_Ta06_10cm_LEPS.Spe,177LUm1,378.5036,4.752968873007527,6.403594030068625,0.299,0.017,0.00015414602993948053,9.789926042301981e-05,105644.9759083457,164757.39800288636,109.59022397131297,170.91016390340909,1.649113218022383,09/24/2025 21:02:04,941.0,964.0
/Users/hannah.ekeberg/PhD/Ta_Sn_analysis/spectra/LEPS/CM09242025_Ta06_10cm_LEPS.Spe,179HFm2,409.72,14.198624455479287,8.285730081570511,0.215,0.008,0.00015405206852549217,0.00011659853237663294,439164.96758698655,435907.0181873426,455.5653190736375,452.1857035138409,1.7675792875281395,09/24/2025 21:02:04,941.0,964.0
/Users/hannah.ekeberg/PhD/Ta_Sn_analysis/spectra/LEPS/CM09242025_Ta06_10cm_LEPS.Spe,177LUm1,413.6637,10.978241397576964,6.234468360511332,0.17500000000000002,0.008,0.0001540126575122878,0.000119178703689615,417278.22580933437,420289.5887174673,432.8612300926705,435.98505053679185,1.7675792875281395,09/24/2025 21:02:04,941.0,964.0
/Users/hannah.ekeberg/PhD/Ta_Sn_analysis/spectra/LEPS/CM09242025_Ta06_10cm_LEPS.Spe,177Wg,417.16,7.555648220835201,5.203450737114157,0.057,0.005,0.00015397306482199227,0.00012148663070061155,881940.9944734909,980848.1846728774,914.8765502837042,1017.4773699926114,1.7675792875281395,09/24/2025 21:02:04,941.0,964.0
/Users/hannah.ekeberg/PhD/Ta_Sn_analysis/spectra/LEPS/CM09242025_Ta06_10cm_LEPS.Spe,177LUm1,418.5388,8.547165346177877,7.441351177393617,0.21300000000000002,0.012,0.00015395627685375432,0.0001224011359414892,267013.06538554945,328137.2857177464,276.98450766135835,340.39137522587805,1.7675792875281395,09/24/2025 21:02:04,941.0,964.0
/Users/hannah.ekeberg/PhD/Ta_Sn_analysis/spectra/LEPS/CM09242025_Ta06_10cm_LEPS.Spe,177Wg,426.98,1.0566585338219164e-14,10.08576341685091,0.12300000000000001,0.01,0.00015383952492524833,0.00012803785811582076,5.720698160354953e-10,546038.3499280793,5.934334191239577e-13,566.4298235768457,9.139819245093351,09/24/2025 21:02:04,941.0,964.0
