name,energy,flux
Ni01,52.55,3.3333333333333335e-07
Ni01,52.650000000000006,3.3333333333333335e-07
Ni01,52.75,1e-06
Ni01,52.85000000000001,1.3333333333333334e-06
Ni01,52.95,6.333333333333333e-06
Ni01,53.05,1.7666666666666668e-05
Ni01,53.150000000000006,4.933333333333333e-05
Ni01,53.25,0.00011233333333333333
Ni01,53.35000000000001,0.000258
Ni01,53.45,0.0005243333333333334
Ni01,53.55,0.0010636666666666668
Ni01,53.650000000000006,0.002027
Ni01,53.75,0.0036116666666666667
Ni01,53.85000000000001,0.006073
Ni01,53.95,0.009811
Ni01,54.05,0.015148333333333333
Ni01,54.150000000000006,0.022182
Ni01,54.25,0.031042333333333335
Ni01,54.35000000000001,0.041423666666666664
Ni01,54.45,0.05286
Ni01,54.55,0.064191
Ni01,54.650000000000006,0.07435333333333333
Ni01,54.75,0.08202566666666666
Ni01,54.85000000000001,0.08649
Ni01,54.95,0.08671466666666666
Ni01,55.05,0.08299
Ni01,55.150000000000006,0.07576933333333333
Ni01,55.25,0.06598766666666667
Ni01,55.35000000000001,0.05466466666666667
Ni01,55.45,0.043208333333333335
Ni01,55.55,0.032513
Ni01,55.650000000000006,0.023331
Ni01,55.75,0.016039
Ni01,55.85000000000001,0.010522333333333333
Ni01,55.95,0.0065713333333333335
Ni01,56.05,0.0038836666666666668
Ni01,56.150000000000006,0.0021936666666666667
Ni01,56.25,0.0012026666666666668
Ni01,56.35000000000001,0.000621
Ni01,56.45,0.0002903333333333333
Ni01,56.55,0.000131
Ni01,56.650000000000006,5.5333333333333334e-05
Ni01,56.75,2.3e-05
Ni01,56.85000000000001,8.666666666666666e-06
Ni01,56.95,3.6666666666666666e-06
Ni01,57.05,1.6666666666666667e-06
Ni01,57.150000000000006,3.3333333333333335e-07
Sn01,52.25,3.3333333333333335e-07
Sn01,52.35000000000001,0.0
Sn01,52.45,1e-06
Sn01,52.55,3.3333333333333335e-07
Sn01,52.650000000000006,3.3333333333333333e-06
Sn01,52.75,9.333333333333333e-06
Sn01,52.85000000000001,2.7666666666666667e-05
Sn01,52.95,6.8e-05
Sn01,53.05,0.00014566666666666667
Sn01,53.150000000000006,0.0003226666666666667
Sn01,53.25,0.000673
Sn01,53.35000000000001,0.0013303333333333333
Sn01,53.45,0.0023913333333333334
Sn01,53.55,0.004176
Sn01,53.650000000000006,0.006945333333333334
Sn01,53.75,0.010928
Sn01,53.85000000000001,0.016568333333333334
Sn01,53.95,0.023917
Sn01,54.05,0.03296966666666667
Sn01,54.150000000000006,0.043381333333333334
Sn01,54.25,0.054598
Sn01,54.35000000000001,0.06550066666666667
Sn01,54.45,0.075067
Sn01,54.55,0.08187933333333333
Sn01,54.650000000000006,0.08545566666666667
Sn01,54.75,0.085297
Sn01,54.85000000000001,0.08121633333333333
Sn01,54.95,0.073764
Sn01,55.05,0.06398833333333333
Sn01,55.150000000000006,0.052959
Sn01,55.25,0.041753
Sn01,55.35000000000001,0.03144366666666667
Sn01,55.45,0.022650666666666666
Sn01,55.55,0.015581
Sn01,55.650000000000006,0.010202333333333334
Sn01,55.75,0.0064266666666666665
Sn01,55.85000000000001,0.003827
Sn01,55.95,0.0021873333333333332
Sn01,56.05,0.0011883333333333333
Sn01,56.150000000000006,0.0006146666666666667
Sn01,56.25,0.000313
Sn01,56.35000000000001,0.00013366666666666667
Sn01,56.45,5.7e-05
Sn01,56.55,2.1666666666666667e-05
Sn01,56.650000000000006,9.333333333333333e-06
Sn01,56.75,4.666666666666666e-06
Sn01,56.85000000000001,1.3333333333333334e-06
Sn01,56.95,6.666666666666667e-07
Ta01,52.150000000000006,3.3333333333333335e-07
Ta01,52.25,6.666666666666667e-07
Ta01,52.35000000000001,1.3333333333333334e-06
Ta01,52.45,2e-06
Ta01,52.55,8.666666666666666e-06
Ta01,52.650000000000006,2.3e-05
Ta01,52.75,5.8e-05
Ta01,52.85000000000001,0.00013366666666666667
Ta01,52.95,0.0003006666666666667
Ta01,53.05,0.0006203333333333333
Ta01,53.150000000000006,0.0012216666666666667
Ta01,53.25,0.0023003333333333335
Ta01,53.35000000000001,0.004062666666666667
Ta01,53.45,0.006725
Ta01,53.55,0.010744
Ta01,53.650000000000006,0.016351333333333332
Ta01,53.75,0.023782666666666667
Ta01,53.85000000000001,0.03298966666666667
Ta01,53.95,0.04345633333333333
Ta01,54.05,0.055063
Ta01,54.150000000000006,0.06615233333333333
Ta01,54.25,0.07598933333333334
Ta01,54.35000000000001,0.08302466666666666
Ta01,54.45,0.086636
Ta01,54.55,0.086002
Ta01,54.650000000000006,0.08167533333333334
Ta01,54.75,0.074079
Ta01,54.85000000000001,0.06380366666666666
Ta01,54.95,0.052561
Ta01,55.05,0.04123
Ta01,55.150000000000006,0.030689
Ta01,55.25,0.021923666666666668
Ta01,55.35000000000001,0.014959333333333333
Ta01,55.45,0.009728
Ta01,55.55,0.0060806666666666665
Ta01,55.650000000000006,0.003524
Ta01,55.75,0.0019836666666666666
Ta01,55.85000000000001,0.001102
Ta01,55.95,0.0005516666666666667
Ta01,56.05,0.000264
Ta01,56.150000000000006,0.00011333333333333333
Ta01,56.25,5.066666666666667e-05
Ta01,56.35000000000001,1.9333333333333333e-05
Ta01,56.45,7e-06
Ta01,56.55,3e-06
Ta01,56.650000000000006,1.6666666666666667e-06
Ta01,56.75,3.3333333333333335e-07
Cu01,51.95,3.3333333333333335e-07
Cu01,52.05,3.3333333333333335e-07
Cu01,52.150000000000006,1e-06
Cu01,52.25,1.3333333333333334e-06
Cu01,52.35000000000001,6e-06
Cu01,52.45,1.633333333333333e-05
Cu01,52.55,4.566666666666667e-05
Cu01,52.650000000000006,0.00011
Cu01,52.75,0.000236
Cu01,52.85000000000001,0.0004966666666666666
Cu01,52.95,0.000994
Cu01,53.05,0.0018976666666666666
Cu01,53.150000000000006,0.0034063333333333333
Cu01,53.25,0.00572
Cu01,53.35000000000001,0.009212
Cu01,53.45,0.014332333333333334
Cu01,53.55,0.021181
Cu01,53.650000000000006,0.029573
Cu01,53.75,0.03973433333333334
Cu01,53.85000000000001,0.050888666666666665
Cu01,53.95,0.0623
Cu01,54.05,0.07260266666666666
Cu01,54.150000000000006,0.080602
Cu01,54.25,0.08544933333333334
Cu01,54.35000000000001,0.086427
Cu01,54.45,0.08354133333333333
Cu01,54.55,0.07697066666666667
Cu01,54.650000000000006,0.067554
Cu01,54.75,0.056602
Cu01,54.85000000000001,0.04505133333333333
Cu01,54.95,0.03436433333333333
Cu01,55.05,0.024988333333333335
Cu01,55.150000000000006,0.017271
Cu01,55.25,0.011517333333333333
Cu01,55.35000000000001,0.007299333333333333
Cu01,55.45,0.004346333333333333
Cu01,55.55,0.002508666666666667
Cu01,55.650000000000006,0.0013856666666666668
Cu01,55.75,0.000728
Cu01,55.85000000000001,0.000363
Cu01,55.95,0.00016033333333333335
Cu01,56.05,6.8e-05
Cu01,56.150000000000006,2.7666666666666667e-05
Cu01,56.25,9.666666666666667e-06
Cu01,56.35000000000001,5e-06
Cu01,56.45,3e-06
Cu01,56.55,1e-06
Al_degrader_A1,46.05,9.090909090909091e-08
Al_degrader_A1,46.150000000000006,0.0
Al_degrader_A1,46.25,1.8181818181818183e-07
Al_degrader_A1,46.35000000000001,0.0
Al_degrader_A1,46.45,4.545454545454545e-07
Al_degrader_A1,46.55,1.4545454545454546e-06
Al_degrader_A1,46.650000000000006,3e-06
Al_degrader_A1,46.75,7.1818181818181815e-06
Al_degrader_A1,46.85000000000001,1.7090909090909092e-05
Al_degrader_A1,46.95,3.172727272727273e-05
Al_degrader_A1,47.05,5.963636363636364e-05
Al_degrader_A1,47.150000000000006,0.00011618181818181819
Al_degrader_A1,47.25,0.00020736363636363636
Al_degrader_A1,47.35000000000001,0.0003442727272727273
Al_degrader_A1,47.45,0.0005728181818181818
Al_degrader_A1,47.55,0.0008780909090909091
Al_degrader_A1,47.650000000000006,0.0013152727272727272
Al_degrader_A1,47.75,0.001923909090909091
Al_degrader_A1,47.85000000000001,0.002664636363636364
Al_degrader_A1,47.95,0.0035871818181818184
Al_degrader_A1,48.05,0.004782181818181818
Al_degrader_A1,48.150000000000006,0.005905272727272727
Al_degrader_A1,48.25,0.007229363636363636
Al_degrader_A1,48.35000000000001,0.008523272727272727
Al_degrader_A1,48.45,0.009829818181818183
Al_degrader_A1,48.55,0.010955181818181819
Al_degrader_A1,48.650000000000006,0.012272454545454545
Al_degrader_A1,48.75,0.012957727272727274
Al_degrader_A1,48.85000000000001,0.013698
Al_degrader_A1,48.95,0.014303272727272727
Al_degrader_A1,49.05,0.014722
Al_degrader_A1,49.150000000000006,0.014954636363636364
Al_degrader_A1,49.25,0.015485818181818182
Al_degrader_A1,49.35000000000001,0.01538
Al_degrader_A1,49.45,0.015468090909090909
Al_degrader_A1,49.55,0.01553809090909091
Al_degrader_A1,49.650000000000006,0.015609181818181819
Al_degrader_A1,49.75,0.01561109090909091
Al_degrader_A1,49.85000000000001,0.015913727272727274
Al_degrader_A1,49.95,0.015723
Al_degrader_A1,50.05,0.015681454545454547
Al_degrader_A1,50.150000000000006,0.015762181818181818
Al_degrader_A1,50.25,0.015771636363636363
Al_degrader_A1,50.35000000000001,0.015890363636363636
Al_degrader_A1,50.45,0.015807
Al_degrader_A1,50.55,0.015838181818181817
Al_degrader_A1,50.650000000000006,0.015904454545454545
Al_degrader_A1,50.75,0.01590490909090909
Al_degrader_A1,50.85000000000001,0.015877454545454545
Al_degrader_A1,50.95,0.015929727272727272
Al_degrader_A1,51.05,0.015947454545454546
Al_degrader_A1,51.150000000000006,0.015994454545454544
Al_degrader_A1,51.25,0.01602818181818182
Al_degrader_A1,51.35000000000001,0.016051454545454546
Al_degrader_A1,51.45,0.016020272727272727
Al_degrader_A1,51.55,0.01605709090909091
Al_degrader_A1,51.650000000000006,0.01611290909090909
Al_degrader_A1,51.75,0.01610418181818182
Al_degrader_A1,51.85000000000001,0.016167363636363636
Al_degrader_A1,51.95,0.016185636363636364
Al_degrader_A1,52.05,0.016160363636363636
Al_degrader_A1,52.150000000000006,0.016221454545454546
Al_degrader_A1,52.25,0.016256272727272727
Al_degrader_A1,52.35000000000001,0.016320181818181817
Al_degrader_A1,52.45,0.016321181818181818
Al_degrader_A1,52.55,0.016283
Al_degrader_A1,52.650000000000006,0.01632618181818182
Al_degrader_A1,52.75,0.01635527272727273
Al_degrader_A1,52.85000000000001,0.016395454545454546
Al_degrader_A1,52.95,0.016432181818181818
Al_degrader_A1,53.05,0.01647627272727273
Al_degrader_A1,53.150000000000006,0.016427272727272728
Al_degrader_A1,53.25,0.016418454545454545
Al_degrader_A1,53.35000000000001,0.01648218181818182
Al_degrader_A1,53.45,0.01645418181818182
Al_degrader_A1,53.55,0.01638881818181818
Al_degrader_A1,53.650000000000006,0.016188
Al_degrader_A1,53.75,0.015978545454545454
Al_degrader_A1,53.85000000000001,0.015623454545454546
Al_degrader_A1,53.95,0.015120363636363637
Al_degrader_A1,54.05,0.014367909090909091
Al_degrader_A1,54.150000000000006,0.013424545454545455
Al_degrader_A1,54.25,0.012204727272727273
Al_degrader_A1,54.35000000000001,0.010815454545454545
Al_degrader_A1,54.45,0.009364363636363636
Al_degrader_A1,54.55,0.007799636363636364
Al_degrader_A1,54.650000000000006,0.006278636363636364
Al_degrader_A1,54.75,0.004843454545454546
Al_degrader_A1,54.85000000000001,0.0035732727272727275
Al_degrader_A1,54.95,0.0025520909090909092
Al_degrader_A1,55.05,0.001742909090909091
Al_degrader_A1,55.150000000000006,0.001142
Al_degrader_A1,55.25,0.0007116363636363636
Al_degrader_A1,55.35000000000001,0.00042245454545454547
Al_degrader_A1,55.45,0.00023863636363636364
Al_degrader_A1,55.55,0.00013118181818181818
Al_degrader_A1,55.650000000000006,7.063636363636363e-05
Al_degrader_A1,55.75,3.327272727272727e-05
Al_degrader_A1,55.85000000000001,1.4545454545454545e-05
Al_degrader_A1,55.95,6.181818181818182e-06
Al_degrader_A1,56.05,2.9090909090909093e-06
Al_degrader_A1,56.150000000000006,6.363636363636364e-07
Al_degrader_A1,56.25,2.7272727272727274e-07
Al_degrader_A1,56.35000000000001,3.6363636363636366e-07
Al_degrader_A1,56.45,9.090909090909091e-08
Ni02,45.85000000000001,3.3333333333333335e-07
Ni02,45.95,3.3333333333333335e-07
Ni02,46.05,1e-06
Ni02,46.150000000000006,6.666666666666667e-07
Ni02,46.25,2.333333333333333e-06
Ni02,46.35000000000001,8e-06
Ni02,46.45,1.9666666666666666e-05
Ni02,46.55,4.433333333333333e-05
Ni02,46.650000000000006,0.000102
Ni02,46.75,0.00021233333333333334
Ni02,46.85000000000001,0.000408
Ni02,46.95,0.0007716666666666667
Ni02,47.05,0.001421
Ni02,47.150000000000006,0.002458
Ni02,47.25,0.004084666666666667
Ni02,47.35000000000001,0.006425666666666666
Ni02,47.45,0.009850666666666667
Ni02,47.55,0.014443
Ni02,47.650000000000006,0.020367
Ni02,47.75,0.027595
Ni02,47.85000000000001,0.03637
Ni02,47.95,0.04570233333333333
Ni02,48.05,0.05533133333333334
Ni02,48.150000000000006,0.063935
Ni02,48.25,0.071471
Ni02,48.35000000000001,0.076538
Ni02,48.45,0.079446
Ni02,48.55,0.078706
Ni02,48.650000000000006,0.075174
Ni02,48.75,0.06852433333333334
Ni02,48.85000000000001,0.06037933333333333
Ni02,48.95,0.05110866666666666
Ni02,49.05,0.04169233333333333
Ni02,49.150000000000006,0.032541
Ni02,49.25,0.024476
Ni02,49.35000000000001,0.017476333333333333
Ni02,49.45,0.012189333333333333
Ni02,49.55,0.008144333333333333
Ni02,49.650000000000006,0.005242333333333333
Ni02,49.75,0.0031996666666666666
Ni02,49.85000000000001,0.0018886666666666667
Ni02,49.95,0.0010916666666666666
Ni02,50.05,0.000586
Ni02,50.150000000000006,0.00031
Ni02,50.25,0.00014266666666666667
Ni02,50.35000000000001,6.866666666666666e-05
Ni02,50.45,2.7e-05
Ni02,50.55,1.3333333333333333e-05
Ni02,50.650000000000006,4.333333333333333e-06
Ni02,50.75,2.666666666666667e-06
Ni02,50.85000000000001,1.6666666666666667e-06
Ni02,50.95,3.3333333333333335e-07
Sn02,45.55,3.3333333333333335e-07
Sn02,45.650000000000006,0.0
Sn02,45.75,3.3333333333333335e-07
Sn02,45.85000000000001,1e-06
Sn02,45.95,1.3333333333333334e-06
Sn02,46.05,5.666666666666667e-06
Sn02,46.150000000000006,1.1e-05
Sn02,46.25,3.1666666666666666e-05
Sn02,46.35000000000001,7.366666666666666e-05
Sn02,46.45,0.00014333333333333334
Sn02,46.55,0.000292
Sn02,46.650000000000006,0.000584
Sn02,46.75,0.0010416666666666667
Sn02,46.85000000000001,0.0018333333333333333
Sn02,46.95,0.0031513333333333332
Sn02,47.05,0.0050026666666666665
Sn02,47.150000000000006,0.007743
Sn02,47.25,0.011637
Sn02,47.35000000000001,0.01659566666666667
Sn02,47.45,0.022967666666666667
Sn02,47.55,0.030873333333333332
Sn02,47.650000000000006,0.03929233333333333
Sn02,47.75,0.04880266666666667
Sn02,47.85000000000001,0.05797833333333333
Sn02,47.95,0.065812
Sn02,48.05,0.07255933333333334
Sn02,48.150000000000006,0.07723
Sn02,48.25,0.07810566666666667
Sn02,48.35000000000001,0.076962
Sn02,48.45,0.07271
Sn02,48.55,0.06552066666666667
Sn02,48.650000000000006,0.057202
Sn02,48.75,0.04824666666666667
Sn02,48.85000000000001,0.03866233333333333
Sn02,48.95,0.030244666666666666
Sn02,49.05,0.022551333333333333
Sn02,49.150000000000006,0.016092
Sn02,49.25,0.011185333333333334
Sn02,49.35000000000001,0.007383
Sn02,49.45,0.004810333333333333
Sn02,49.55,0.002889
Sn02,49.650000000000006,0.0017343333333333334
Sn02,49.75,0.0009866666666666667
Sn02,49.85000000000001,0.0005226666666666666
Sn02,49.95,0.00028766666666666665
Sn02,50.05,0.00013066666666666665
Sn02,50.150000000000006,6.1e-05
Sn02,50.25,2.6e-05
Sn02,50.35000000000001,1.3333333333333333e-05
Sn02,50.45,3.6666666666666666e-06
Sn02,50.55,2.333333333333333e-06
Sn02,50.650000000000006,1.6666666666666667e-06
Sn02,50.75,3.3333333333333335e-07
Ta02,45.45,3.3333333333333335e-07
Ta02,45.55,6.666666666666667e-07
Ta02,45.650000000000006,6.666666666666667e-07
Ta02,45.75,1.3333333333333334e-06
Ta02,45.85000000000001,4.666666666666666e-06
Ta02,45.95,1.1333333333333334e-05
Ta02,46.05,3.066666666666667e-05
Ta02,46.150000000000006,6.933333333333333e-05
Ta02,46.25,0.000151
Ta02,46.35000000000001,0.000302
Ta02,46.45,0.0005773333333333333
Ta02,46.55,0.0010686666666666668
Ta02,46.650000000000006,0.0019223333333333334
Ta02,46.75,0.0032196666666666667
Ta02,46.85000000000001,0.005194333333333333
Ta02,46.95,0.008110666666666667
Ta02,47.05,0.011973666666666667
Ta02,47.150000000000006,0.01729433333333333
Ta02,47.25,0.023957666666666665
Ta02,47.35000000000001,0.0317
Ta02,47.45,0.04093
Ta02,47.55,0.050838666666666664
Ta02,47.650000000000006,0.059496
Ta02,47.75,0.06766733333333333
Ta02,47.85000000000001,0.07406833333333333
Ta02,47.95,0.077875
Ta02,48.05,0.07919133333333334
Ta02,48.150000000000006,0.07767566666666667
Ta02,48.25,0.07177933333333333
Ta02,48.35000000000001,0.064584
Ta02,48.45,0.05584533333333333
Ta02,48.55,0.04635966666666667
Ta02,48.650000000000006,0.037412
Ta02,48.75,0.028442
Ta02,48.85000000000001,0.020744
Ta02,48.95,0.014824666666666667
Ta02,49.05,0.010125666666666666
Ta02,49.150000000000006,0.006688
Ta02,49.25,0.004180666666666667
Ta02,49.35000000000001,0.002536333333333333
Ta02,49.45,0.001469
Ta02,49.55,0.000821
Ta02,49.650000000000006,0.000451
Ta02,49.75,0.00021866666666666668
Ta02,49.85000000000001,0.00010133333333333333
Ta02,49.95,5e-05
Ta02,50.05,1.9e-05
Ta02,50.150000000000006,8e-06
Ta02,50.25,4e-06
Ta02,50.35000000000001,2.333333333333333e-06
Ta02,50.45,6.666666666666667e-07
Ta02,50.55,3.3333333333333335e-07
Cu02,45.25,3.3333333333333335e-07
Cu02,45.35000000000001,3.3333333333333335e-07
Cu02,45.45,1e-06
Cu02,45.55,1.3333333333333334e-06
Cu02,45.650000000000006,4.333333333333333e-06
Cu02,45.75,1.1e-05
Cu02,45.85000000000001,2.8333333333333332e-05
Cu02,45.95,6.2e-05
Cu02,46.05,0.00013133333333333335
Cu02,46.150000000000006,0.000275
Cu02,46.25,0.0005273333333333333
Cu02,46.35000000000001,0.0009836666666666668
Cu02,46.45,0.001743
Cu02,46.55,0.0029823333333333334
Cu02,46.650000000000006,0.004850666666666666
Cu02,46.75,0.007469333333333333
Cu02,46.85000000000001,0.011198666666666668
Cu02,46.95,0.016244666666666668
Cu02,47.05,0.022545
Cu02,47.150000000000006,0.030145666666666668
Cu02,47.25,0.039097
Cu02,47.35000000000001,0.04842433333333333
Cu02,47.45,0.057854666666666665
Cu02,47.55,0.065859
Cu02,47.650000000000006,0.07262666666666667
Cu02,47.75,0.077028
Cu02,47.85000000000001,0.07898266666666667
Cu02,47.95,0.07758
Cu02,48.05,0.07315033333333333
Cu02,48.150000000000006,0.06606866666666666
Cu02,48.25,0.057605666666666666
Cu02,48.35000000000001,0.048362333333333334
Cu02,48.45,0.039193
Cu02,48.55,0.030356333333333332
Cu02,48.650000000000006,0.022646333333333334
Cu02,48.75,0.016065333333333334
Cu02,48.85000000000001,0.011141666666666666
Cu02,48.95,0.007448666666666667
Cu02,49.05,0.0046953333333333335
Cu02,49.150000000000006,0.0029046666666666665
Cu02,49.25,0.0016956666666666667
Cu02,49.35000000000001,0.0009843333333333334
Cu02,49.45,0.0005256666666666667
Cu02,49.55,0.00026533333333333335
Cu02,49.650000000000006,0.00012966666666666666
Cu02,49.75,5.8666666666666665e-05
Cu02,49.85000000000001,2.5333333333333334e-05
Cu02,49.95,1.0333333333333333e-05
Cu02,50.05,4.333333333333333e-06
Cu02,50.150000000000006,3e-06
Cu02,50.25,1.3333333333333334e-06
Cu02,50.35000000000001,3.3333333333333335e-07
Al_degrader_B2,40.75,1.1111111111111111e-07
Al_degrader_B2,40.85000000000001,0.0
Al_degrader_B2,40.95,2.2222222222222222e-07
Al_degrader_B2,41.05,0.0
Al_degrader_B2,41.150000000000006,6.666666666666667e-07
Al_degrader_B2,41.25,1.7777777777777777e-06
Al_degrader_B2,41.35000000000001,3.111111111111111e-06
Al_degrader_B2,41.45,7.555555555555555e-06
Al_degrader_B2,41.55,1.577777777777778e-05
Al_degrader_B2,41.650000000000006,2.7888888888888888e-05
Al_degrader_B2,41.75,5.522222222222222e-05
Al_degrader_B2,41.85000000000001,9.666666666666667e-05
Al_degrader_B2,41.95,0.00016822222222222222
Al_degrader_B2,42.05,0.000285
Al_degrader_B2,42.150000000000006,0.00045255555555555555
Al_degrader_B2,42.25,0.000712
Al_degrader_B2,42.35000000000001,0.0010436666666666667
Al_degrader_B2,42.45,0.0015382222222222223
Al_degrader_B2,42.55,0.0021793333333333335
Al_degrader_B2,42.650000000000006,0.002962888888888889
Al_degrader_B2,42.75,0.0039183333333333336
Al_degrader_B2,42.85000000000001,0.005184666666666666
Al_degrader_B2,42.95,0.006459333333333333
Al_degrader_B2,43.05,0.007866333333333333
Al_degrader_B2,43.150000000000006,0.009382222222222222
Al_degrader_B2,43.25,0.010943444444444445
Al_degrader_B2,43.35000000000001,0.012423555555555556
Al_degrader_B2,43.45,0.013956777777777778
Al_degrader_B2,43.55,0.015283666666666666
Al_degrader_B2,43.650000000000006,0.016346333333333334
Al_degrader_B2,43.75,0.01729311111111111
Al_degrader_B2,43.85000000000001,0.018017444444444444
Al_degrader_B2,43.95,0.018657777777777777
Al_degrader_B2,44.05,0.019431555555555556
Al_degrader_B2,44.150000000000006,0.019538666666666666
Al_degrader_B2,44.25,0.019831555555555557
Al_degrader_B2,44.35000000000001,0.019910888888888888
Al_degrader_B2,44.45,0.020070888888888888
Al_degrader_B2,44.55,0.020315
Al_degrader_B2,44.650000000000006,0.020365444444444443
Al_degrader_B2,44.75,0.020420666666666667
Al_degrader_B2,44.85000000000001,0.02037288888888889
Al_degrader_B2,44.95,0.020378555555555556
Al_degrader_B2,45.05,0.02040188888888889
Al_degrader_B2,45.150000000000006,0.020767
Al_degrader_B2,45.25,0.020557111111111113
Al_degrader_B2,45.35000000000001,0.020542444444444443
Al_degrader_B2,45.45,0.020609666666666665
Al_degrader_B2,45.55,0.020577333333333333
Al_degrader_B2,45.650000000000006,0.02078977777777778
Al_degrader_B2,45.75,0.02082888888888889
Al_degrader_B2,45.85000000000001,0.020857666666666667
Al_degrader_B2,45.95,0.020713444444444444
Al_degrader_B2,46.05,0.020804333333333334
Al_degrader_B2,46.150000000000006,0.02086688888888889
Al_degrader_B2,46.25,0.02105288888888889
Al_degrader_B2,46.35000000000001,0.020975666666666667
Al_degrader_B2,46.45,0.020937
Al_degrader_B2,46.55,0.020913555555555557
Al_degrader_B2,46.650000000000006,0.02094577777777778
Al_degrader_B2,46.75,0.021251444444444444
Al_degrader_B2,46.85000000000001,0.020959555555555554
Al_degrader_B2,46.95,0.02083633333333333
Al_degrader_B2,47.05,0.020702555555555554
Al_degrader_B2,47.150000000000006,0.020401666666666665
Al_degrader_B2,47.25,0.020225777777777777
Al_degrader_B2,47.35000000000001,0.019713555555555557
Al_degrader_B2,47.45,0.018817666666666667
Al_degrader_B2,47.55,0.017789333333333334
Al_degrader_B2,47.650000000000006,0.016623666666666665
Al_degrader_B2,47.75,0.01524288888888889
Al_degrader_B2,47.85000000000001,0.013758777777777778
Al_degrader_B2,47.95,0.011997111111111111
Al_degrader_B2,48.05,0.010086777777777778
Al_degrader_B2,48.150000000000006,0.008351
Al_degrader_B2,48.25,0.006725111111111111
Al_degrader_B2,48.35000000000001,0.005210888888888889
Al_degrader_B2,48.45,0.003956333333333333
Al_degrader_B2,48.55,0.0028184444444444446
Al_degrader_B2,48.650000000000006,0.001976777777777778
Al_degrader_B2,48.75,0.0013316666666666668
Al_degrader_B2,48.85000000000001,0.0008861111111111111
Al_degrader_B2,48.95,0.0005396666666666667
Al_degrader_B2,49.05,0.0003268888888888889
Al_degrader_B2,49.150000000000006,0.00019033333333333334
Al_degrader_B2,49.25,0.00010777777777777778
Al_degrader_B2,49.35000000000001,5.922222222222222e-05
Al_degrader_B2,49.45,2.711111111111111e-05
Al_degrader_B2,49.55,1.4111111111111112e-05
Al_degrader_B2,49.650000000000006,5.1111111111111115e-06
Al_degrader_B2,49.75,3.4444444444444444e-06
Al_degrader_B2,49.85000000000001,6.666666666666667e-07
Al_degrader_B2,49.95,3.3333333333333335e-07
Al_degrader_B2,50.05,4.4444444444444444e-07
Al_degrader_B2,50.150000000000006,1.1111111111111111e-07
Ni03,40.45,3.3333333333333335e-07
Ni03,40.55,0.0
Ni03,40.650000000000006,3.3333333333333335e-07
Ni03,40.75,1e-06
Ni03,40.85000000000001,1e-06
Ni03,40.95,3.3333333333333333e-06
Ni03,41.05,8.333333333333334e-06
Ni03,41.150000000000006,2.1333333333333335e-05
Ni03,41.25,4.1666666666666665e-05
Ni03,41.35000000000001,9.066666666666667e-05
Ni03,41.45,0.000172
Ni03,41.55,0.00032033333333333333
Ni03,41.650000000000006,0.000582
Ni03,41.75,0.0010236666666666666
Ni03,41.85000000000001,0.00174
Ni03,41.95,0.0028153333333333333
Ni03,42.05,0.004401
Ni03,42.150000000000006,0.006603
Ni03,42.25,0.009624333333333334
Ni03,42.35000000000001,0.013672666666666666
Ni03,42.45,0.018705333333333334
Ni03,42.55,0.024722333333333332
Ni03,42.650000000000006,0.031965
Ni03,42.75,0.039724333333333334
Ni03,42.85000000000001,0.04785966666666667
Ni03,42.95,0.05537466666666667
Ni03,43.05,0.062177
Ni03,43.150000000000006,0.06773366666666666
Ni03,43.25,0.07136133333333333
Ni03,43.35000000000001,0.07304166666666667
Ni03,43.45,0.072061
Ni03,43.55,0.068556
Ni03,43.650000000000006,0.062926
Ni03,43.75,0.05607
Ni03,43.85000000000001,0.048320666666666665
Ni03,43.95,0.04040266666666667
Ni03,44.05,0.03251266666666667
Ni03,44.150000000000006,0.025314333333333335
Ni03,44.25,0.018846333333333333
Ni03,44.35000000000001,0.013768666666666667
Ni03,44.45,0.009723666666666667
Ni03,44.55,0.006645333333333333
Ni03,44.650000000000006,0.004366
Ni03,44.75,0.002769666666666667
Ni03,44.85000000000001,0.001699
Ni03,44.95,0.001012
Ni03,45.05,0.000582
Ni03,45.150000000000006,0.00032
Ni03,45.25,0.00016666666666666666
Ni03,45.35000000000001,8.133333333333334e-05
Ni03,45.45,3.8333333333333334e-05
Ni03,45.55,1.5666666666666667e-05
Ni03,45.650000000000006,6.666666666666667e-06
Ni03,45.75,4e-06
Ni03,45.85000000000001,2.333333333333333e-06
Ni03,45.95,1.3333333333333334e-06
Ni03,46.05,3.3333333333333335e-07
Sn03,40.25,3.3333333333333335e-07
Sn03,40.35000000000001,3.3333333333333335e-07
Sn03,40.45,1e-06
Sn03,40.55,1e-06
Sn03,40.650000000000006,2.333333333333333e-06
Sn03,40.75,7.333333333333333e-06
Sn03,40.85000000000001,1.7333333333333332e-05
Sn03,40.95,3.4e-05
Sn03,41.05,7.966666666666666e-05
Sn03,41.150000000000006,0.000145
Sn03,41.25,0.000268
Sn03,41.35000000000001,0.000517
Sn03,41.45,0.0008593333333333334
Sn03,41.55,0.001502
Sn03,41.650000000000006,0.002416
Sn03,41.75,0.003781
Sn03,41.85000000000001,0.005788666666666667
Sn03,41.95,0.008361666666666667
Sn03,42.05,0.012046333333333333
Sn03,42.150000000000006,0.016508666666666668
Sn03,42.25,0.022009666666666667
Sn03,42.35000000000001,0.028896333333333333
Sn03,42.45,0.035876333333333336
Sn03,42.55,0.04389033333333334
Sn03,42.650000000000006,0.05151
Sn03,42.75,0.058675
Sn03,42.85000000000001,0.06459166666666667
Sn03,42.95,0.068977
Sn03,43.05,0.07165166666666667
Sn03,43.150000000000006,0.07198133333333333
Sn03,43.25,0.06913833333333333
Sn03,43.35000000000001,0.06547633333333333
Sn03,43.45,0.05909966666666667
Sn03,43.55,0.051860666666666666
Sn03,43.650000000000006,0.044413
Sn03,43.75,0.036233666666666664
Sn03,43.85000000000001,0.029092666666666666
Sn03,43.95,0.02239266666666667
Sn03,44.05,0.016539666666666668
Sn03,44.150000000000006,0.011993666666666666
Sn03,44.25,0.008346333333333334
Sn03,44.35000000000001,0.005716666666666667
Sn03,44.45,0.003686
Sn03,44.55,0.002324333333333333
Sn03,44.650000000000006,0.001439
Sn03,44.75,0.000852
Sn03,44.85000000000001,0.00047033333333333335
Sn03,44.95,0.000271
Sn03,45.05,0.00013466666666666667
Sn03,45.150000000000006,6.4e-05
Sn03,45.25,3.3333333333333335e-05
Sn03,45.35000000000001,1.4333333333333334e-05
Sn03,45.45,5.333333333333334e-06
Sn03,45.55,4e-06
Sn03,45.650000000000006,6.666666666666667e-07
Sn03,45.75,1e-06
Sn03,45.85000000000001,3.3333333333333335e-07
Ta03,40.05,3.3333333333333335e-07
Ta03,40.150000000000006,3.3333333333333335e-07
Ta03,40.25,1e-06
Ta03,40.35000000000001,6.666666666666667e-07
Ta03,40.45,3.3333333333333333e-06
Ta03,40.55,9e-06
Ta03,40.650000000000006,2e-05
Ta03,40.75,4.1e-05
Ta03,40.85000000000001,8.866666666666666e-05
Ta03,40.95,0.00016833333333333332
Ta03,41.05,0.00031433333333333335
Ta03,41.150000000000006,0.0005676666666666666
Ta03,41.25,0.0009886666666666668
Ta03,41.35000000000001,0.001695
Ta03,41.45,0.0027253333333333335
Ta03,41.55,0.004299
Ta03,41.650000000000006,0.006426
Ta03,41.75,0.00938
Ta03,41.85000000000001,0.013299
Ta03,41.95,0.018153
Ta03,42.05,0.024083333333333335
Ta03,42.150000000000006,0.03096
Ta03,42.25,0.03901533333333333
Ta03,42.35000000000001,0.046912333333333334
Ta03,42.45,0.054353
Ta03,42.55,0.061238
Ta03,42.650000000000006,0.066962
Ta03,42.75,0.07067666666666667
Ta03,42.85000000000001,0.07271666666666667
Ta03,42.95,0.07187933333333334
Ta03,43.05,0.068856
Ta03,43.150000000000006,0.06342233333333333
Ta03,43.25,0.05676833333333333
Ta03,43.35000000000001,0.04923
Ta03,43.45,0.04132333333333333
Ta03,43.55,0.03360966666666667
Ta03,43.650000000000006,0.026240666666666666
Ta03,43.75,0.019698333333333335
Ta03,43.85000000000001,0.014423
Ta03,43.95,0.010298333333333333
Ta03,44.05,0.007111333333333333
Ta03,44.150000000000006,0.004718666666666667
Ta03,44.25,0.00298
Ta03,44.35000000000001,0.0018453333333333334
Ta03,44.45,0.00112
Ta03,44.55,0.000654
Ta03,44.650000000000006,0.000361
Ta03,44.75,0.00018966666666666668
Ta03,44.85000000000001,8.766666666666667e-05
Ta03,44.95,4.7e-05
Ta03,45.05,2.0333333333333334e-05
Ta03,45.150000000000006,8.666666666666666e-06
Ta03,45.25,4.333333333333333e-06
Ta03,45.35000000000001,3e-06
Ta03,45.45,1.3333333333333334e-06
Ta03,45.55,3.3333333333333335e-07
Cu03,39.75,3.3333333333333335e-07
Cu03,39.85000000000001,3.3333333333333335e-07
Cu03,39.95,0.0
Cu03,40.05,1e-06
Cu03,40.150000000000006,1.3333333333333334e-06
Cu03,40.25,3.6666666666666666e-06
Cu03,40.35000000000001,8.333333333333334e-06
Cu03,40.45,2.1666666666666667e-05
Cu03,40.55,4.4e-05
Cu03,40.650000000000006,9.3e-05
Cu03,40.75,0.00017233333333333334
Cu03,40.85000000000001,0.00032166666666666666
Cu03,40.95,0.0005776666666666666
Cu03,41.05,0.0010086666666666666
Cu03,41.150000000000006,0.0017196666666666667
Cu03,41.25,0.002747
Cu03,41.35000000000001,0.004302333333333333
Cu03,41.45,0.006444333333333333
Cu03,41.55,0.009354333333333333
Cu03,41.650000000000006,0.013274
Cu03,41.75,0.018109666666666666
Cu03,41.85000000000001,0.023922333333333334
Cu03,41.95,0.030934
Cu03,42.05,0.03854866666666667
Cu03,42.150000000000006,0.046363666666666664
Cu03,42.25,0.054093
Cu03,42.35000000000001,0.06079266666666667
Cu03,42.45,0.066449
Cu03,42.55,0.07028666666666666
Cu03,42.650000000000006,0.07232866666666667
Cu03,42.75,0.07160466666666666
Cu03,42.85000000000001,0.06875966666666666
Cu03,42.95,0.06342133333333333
Cu03,43.05,0.05692
Cu03,43.150000000000006,0.04952666666666666
Cu03,43.25,0.041661
Cu03,43.35000000000001,0.033947
Cu03,43.45,0.02665966666666667
Cu03,43.55,0.020219
Cu03,43.650000000000006,0.014791333333333333
Cu03,43.75,0.010588666666666666
Cu03,43.85000000000001,0.007328
Cu03,43.95,0.004908
Cu03,44.05,0.0031263333333333334
Cu03,44.150000000000006,0.001958333333333333
Cu03,44.25,0.0011753333333333334
Cu03,44.35000000000001,0.0006946666666666667
Cu03,44.45,0.0003876666666666667
Cu03,44.55,0.00020366666666666667
Cu03,44.650000000000006,0.000102
Cu03,44.75,5.1666666666666664e-05
Cu03,44.85000000000001,2.2e-05
Cu03,44.95,1.0333333333333333e-05
Cu03,45.05,4.333333333333333e-06
Cu03,45.150000000000006,2.666666666666667e-06
Cu03,45.25,1.6666666666666667e-06
Cu03,45.35000000000001,3.3333333333333335e-07
Al_degrader_C5,36.650000000000006,1.4285714285714285e-07
Al_degrader_C5,36.75,0.0
Al_degrader_C5,36.85,0.0
Al_degrader_C5,36.95,2.857142857142857e-07
Al_degrader_C5,37.05,0.0
Al_degrader_C5,37.150000000000006,1e-06
Al_degrader_C5,37.25,2.1428571428571427e-06
Al_degrader_C5,37.35,3.4285714285714285e-06
Al_degrader_C5,37.45,8.285714285714285e-06
Al_degrader_C5,37.55,1.5428571428571428e-05
Al_degrader_C5,37.650000000000006,2.7428571428571428e-05
Al_degrader_C5,37.75,5.8285714285714284e-05
Al_degrader_C5,37.85,8.742857142857143e-05
Al_degrader_C5,37.95,0.00015357142857142856
Al_degrader_C5,38.05,0.00025985714285714284
Al_degrader_C5,38.150000000000006,0.00041442857142857145
Al_degrader_C5,38.25,0.0006332857142857143
Al_degrader_C5,38.35000000000001,0.0009485714285714286
Al_degrader_C5,38.45,0.0013758571428571429
Al_degrader_C5,38.55,0.0019564285714285716
Al_degrader_C5,38.650000000000006,0.002744857142857143
Al_degrader_C5,38.75,0.00366
Al_degrader_C5,38.85000000000001,0.0048015714285714285
Al_degrader_C5,38.95,0.006182571428571429
Al_degrader_C5,39.05,0.007956714285714286
Al_degrader_C5,39.150000000000006,0.009555285714285714
Al_degrader_C5,39.25,0.011504714285714287
Al_degrader_C5,39.35000000000001,0.013460142857142856
Al_degrader_C5,39.45,0.015429285714285715
Al_degrader_C5,39.55,0.017595714285714287
Al_degrader_C5,39.650000000000006,0.019383571428571427
Al_degrader_C5,39.75,0.021353
Al_degrader_C5,39.85000000000001,0.022703285714285714
Al_degrader_C5,39.95,0.024001857142857144
Al_degrader_C5,40.05,0.025350142857142856
Al_degrader_C5,40.150000000000006,0.026164285714285713
Al_degrader_C5,40.25,0.02716957142857143
Al_degrader_C5,40.35000000000001,0.027484142857142856
Al_degrader_C5,40.45,0.027975714285714284
Al_degrader_C5,40.55,0.028383714285714286
Al_degrader_C5,40.650000000000006,0.028568714285714284
Al_degrader_C5,40.75,0.02893657142857143
Al_degrader_C5,40.85000000000001,0.028921
Al_degrader_C5,40.95,0.028926857142857143
Al_degrader_C5,41.05,0.029168285714285713
Al_degrader_C5,41.150000000000006,0.02912457142857143
Al_degrader_C5,41.25,0.029353428571428572
Al_degrader_C5,41.35000000000001,0.029279142857142858
Al_degrader_C5,41.45,0.02913414285714286
Al_degrader_C5,41.55,0.029210142857142858
Al_degrader_C5,41.650000000000006,0.02924514285714286
Al_degrader_C5,41.75,0.028729714285714286
Al_degrader_C5,41.85000000000001,0.02861285714285714
Al_degrader_C5,41.95,0.02813785714285714
Al_degrader_C5,42.05,0.027345
Al_degrader_C5,42.150000000000006,0.026771857142857142
Al_degrader_C5,42.25,0.025334142857142857
Al_degrader_C5,42.35000000000001,0.024141285714285716
Al_degrader_C5,42.45,0.022409142857142857
Al_degrader_C5,42.55,0.020496857142857143
Al_degrader_C5,42.650000000000006,0.01861942857142857
Al_degrader_C5,42.75,0.016310428571428573
Al_degrader_C5,42.85000000000001,0.014103
Al_degrader_C5,42.95,0.011808285714285714
Al_degrader_C5,43.05,0.009688428571428572
Al_degrader_C5,43.150000000000006,0.007779714285714286
Al_degrader_C5,43.25,0.006087571428571428
Al_degrader_C5,43.35000000000001,0.004601285714285714
Al_degrader_C5,43.45,0.0033544285714285716
Al_degrader_C5,43.55,0.0023805714285714285
Al_degrader_C5,43.650000000000006,0.0016548571428571428
Al_degrader_C5,43.75,0.0011358571428571429
Al_degrader_C5,43.85000000000001,0.0007247142857142857
Al_degrader_C5,43.95,0.0004595714285714286
Al_degrader_C5,44.05,0.0002735714285714286
Al_degrader_C5,44.150000000000006,0.00016628571428571427
Al_degrader_C5,44.25,9.757142857142857e-05
Al_degrader_C5,44.35000000000001,5.042857142857143e-05
Al_degrader_C5,44.45,2.6e-05
Al_degrader_C5,44.55,1.3857142857142858e-05
Al_degrader_C5,44.650000000000006,5.857142857142857e-06
Al_degrader_C5,44.75,3.5714285714285714e-06
Al_degrader_C5,44.85000000000001,8.571428571428571e-07
Al_degrader_C5,44.95,4.2857142857142857e-07
Al_degrader_C5,45.05,5.714285714285714e-07
Al_degrader_C5,45.150000000000006,1.4285714285714285e-07
Ni04,36.45,3.3333333333333335e-07
Ni04,36.55,3.3333333333333335e-07
Ni04,36.650000000000006,1e-06
Ni04,36.75,0.0
Ni04,36.85,1.3333333333333334e-06
Ni04,36.95,4.666666666666666e-06
Ni04,37.05,7.666666666666667e-06
Ni04,37.150000000000006,2.1e-05
Ni04,37.25,3.9e-05
Ni04,37.35,7.8e-05
Ni04,37.45,0.000144
Ni04,37.55,0.00026
Ni04,37.650000000000006,0.0004586666666666667
Ni04,37.75,0.0007876666666666667
Ni04,37.85,0.0012836666666666667
Ni04,37.95,0.0020146666666666668
Ni04,38.05,0.003174
Ni04,38.150000000000006,0.004679666666666667
Ni04,38.25,0.006817333333333333
Ni04,38.35000000000001,0.009575666666666666
Ni04,38.45,0.013191666666666668
Ni04,38.55,0.017647333333333334
Ni04,38.650000000000006,0.022843
Ni04,38.75,0.029074666666666665
Ni04,38.85000000000001,0.03546733333333333
Ni04,38.95,0.04276166666666667
Ni04,39.05,0.04967866666666667
Ni04,39.150000000000006,0.055542666666666664
Ni04,39.25,0.061116666666666666
Ni04,39.35000000000001,0.064764
Ni04,39.45,0.06755033333333334
Ni04,39.55,0.06740133333333333
Ni04,39.650000000000006,0.06657633333333333
Ni04,39.75,0.06314333333333333
Ni04,39.85000000000001,0.05773866666666667
Ni04,39.95,0.051785333333333336
Ni04,40.05,0.044954
Ni04,40.150000000000006,0.03816066666666667
Ni04,40.25,0.03125
Ni04,40.35000000000001,0.024637
Ni04,40.45,0.019248
Ni04,40.55,0.014256666666666667
Ni04,40.650000000000006,0.010452
Ni04,40.75,0.007406333333333333
Ni04,40.85000000000001,0.005124333333333333
Ni04,40.95,0.003399333333333333
Ni04,41.05,0.002194666666666667
Ni04,41.150000000000006,0.0013576666666666667
Ni04,41.25,0.000852
Ni04,41.35000000000001,0.000487
Ni04,41.45,0.00028533333333333335
Ni04,41.55,0.00015333333333333334
Ni04,41.650000000000006,7.566666666666667e-05
Ni04,41.75,3.8333333333333334e-05
Ni04,41.85000000000001,1.8333333333333333e-05
Ni04,41.95,9e-06
Ni04,42.05,4e-06
Ni04,42.150000000000006,2.666666666666667e-06
Ni04,42.25,1.6666666666666667e-06
Ni04,42.35000000000001,3.3333333333333335e-07
Sn04,36.150000000000006,3.3333333333333335e-07
Sn04,36.25,3.3333333333333335e-07
Sn04,36.35,6.666666666666667e-07
Sn04,36.45,3.3333333333333335e-07
Sn04,36.55,1.3333333333333334e-06
Sn04,36.650000000000006,5.333333333333334e-06
Sn04,36.75,8e-06
Sn04,36.85,2.1666666666666667e-05
Sn04,36.95,3.633333333333333e-05
Sn04,37.05,8.066666666666667e-05
Sn04,37.150000000000006,0.00013966666666666666
Sn04,37.25,0.00024233333333333333
Sn04,37.35,0.000459
Sn04,37.45,0.0007333333333333333
Sn04,37.55,0.0012226666666666666
Sn04,37.650000000000006,0.0019233333333333333
Sn04,37.75,0.003
Sn04,37.85,0.004408
Sn04,37.95,0.006404
Sn04,38.05,0.009018
Sn04,38.150000000000006,0.012424333333333334
Sn04,38.25,0.016547666666666665
Sn04,38.35000000000001,0.021428
Sn04,38.45,0.027577
Sn04,38.55,0.03358166666666667
Sn04,38.650000000000006,0.040568
Sn04,38.75,0.04721533333333333
Sn04,38.85000000000001,0.053431
Sn04,38.95,0.058911
Sn04,39.05,0.062836
Sn04,39.150000000000006,0.06630433333333334
Sn04,39.25,0.06666466666666666
Sn04,39.35000000000001,0.06614366666666667
Sn04,39.45,0.06363533333333334
Sn04,39.55,0.05867733333333333
Sn04,39.650000000000006,0.05343666666666667
Sn04,39.75,0.046876
Sn04,39.85000000000001,0.040426666666666666
Sn04,39.95,0.033329333333333336
Sn04,40.05,0.027139
Sn04,40.150000000000006,0.021303333333333334
Sn04,40.25,0.016078
Sn04,40.35000000000001,0.011945666666666667
Sn04,40.45,0.008626333333333333
Sn04,40.55,0.006043333333333334
Sn04,40.650000000000006,0.004131333333333333
Sn04,40.75,0.002712
Sn04,40.85000000000001,0.001749
Sn04,40.95,0.0010743333333333334
Sn04,41.05,0.0006593333333333334
Sn04,41.150000000000006,0.0003806666666666667
Sn04,41.25,0.00021633333333333332
Sn04,41.35000000000001,0.00010666666666666667
Sn04,41.45,5.8e-05
Sn04,41.55,3.1666666666666666e-05
Sn04,41.650000000000006,1.3333333333333333e-05
Sn04,41.75,5.666666666666667e-06
Sn04,41.85000000000001,3.3333333333333333e-06
Sn04,41.95,1.6666666666666667e-06
Sn04,42.05,1.3333333333333334e-06
Sn04,42.150000000000006,3.3333333333333335e-07
Ta04,35.95,3.3333333333333335e-07
Ta04,36.05,3.3333333333333335e-07
Ta04,36.150000000000006,1e-06
Ta04,36.25,6.666666666666667e-07
Ta04,36.35,2e-06
Ta04,36.45,4.666666666666666e-06
Ta04,36.55,1.1333333333333334e-05
Ta04,36.650000000000006,2.7e-05
Ta04,36.75,4.933333333333333e-05
Ta04,36.85,0.00010066666666666667
Ta04,36.95,0.00017566666666666666
Ta04,37.05,0.00031233333333333335
Ta04,37.150000000000006,0.0005373333333333333
Ta04,37.25,0.0008996666666666667
Ta04,37.35,0.0014826666666666666
Ta04,37.45,0.0023343333333333332
Ta04,37.55,0.0035703333333333333
Ta04,37.650000000000006,0.005206333333333334
Ta04,37.75,0.007466
Ta04,37.85,0.010419
Ta04,37.95,0.014222666666666666
Ta04,38.05,0.018823666666666666
Ta04,38.150000000000006,0.024221333333333334
Ta04,38.25,0.030543
Ta04,38.35000000000001,0.03727166666666667
Ta04,38.45,0.044221
Ta04,38.55,0.050616
Ta04,38.650000000000006,0.05661833333333333
Ta04,38.75,0.06166733333333333
Ta04,38.85000000000001,0.065117
Ta04,38.95,0.067503
Ta04,39.05,0.067228
Ta04,39.150000000000006,0.06556866666666666
Ta04,39.25,0.061391666666666664
Ta04,39.35000000000001,0.056446666666666666
Ta04,39.45,0.050204
Ta04,39.55,0.043483
Ta04,39.650000000000006,0.036750333333333336
Ta04,39.75,0.029975
Ta04,39.85000000000001,0.023767
Ta04,39.95,0.018082666666666667
Ta04,40.05,0.013558666666666667
Ta04,40.150000000000006,0.009894333333333333
Ta04,40.25,0.007024333333333333
Ta04,40.35000000000001,0.004834333333333334
Ta04,40.45,0.003199
Ta04,40.55,0.002066
Ta04,40.650000000000006,0.0012916666666666667
Ta04,40.75,0.000795
Ta04,40.85000000000001,0.0004716666666666667
Ta04,40.95,0.0002613333333333333
Ta04,41.05,0.000138
Ta04,41.150000000000006,7.366666666666666e-05
Ta04,41.25,3.6666666666666666e-05
Ta04,41.35000000000001,1.5666666666666667e-05
Ta04,41.45,7.666666666666667e-06
Ta04,41.55,4.333333333333333e-06
Ta04,41.650000000000006,2.666666666666667e-06
Ta04,41.75,1.6666666666666667e-06
Ta04,41.85000000000001,3.3333333333333335e-07
Cu04,35.650000000000006,3.3333333333333335e-07
Cu04,35.75,3.3333333333333335e-07
Cu04,35.85,0.0
Cu04,35.95,1e-06
Cu04,36.05,6.666666666666667e-07
Cu04,36.150000000000006,3e-06
Cu04,36.25,6.333333333333333e-06
Cu04,36.35,1.3666666666666667e-05
Cu04,36.45,2.8e-05
Cu04,36.55,5.833333333333333e-05
Cu04,36.650000000000006,0.00011033333333333334
Cu04,36.75,0.00020566666666666666
Cu04,36.85,0.00035
Cu04,36.95,0.000592
Cu04,37.05,0.000991
Cu04,37.150000000000006,0.0016163333333333333
Cu04,37.25,0.002484333333333333
Cu04,37.35,0.003803
Cu04,37.45,0.005540666666666667
Cu04,37.55,0.007854
Cu04,37.650000000000006,0.010912333333333333
Cu04,37.75,0.014803
Cu04,37.85,0.019441666666666666
Cu04,37.95,0.024894333333333334
Cu04,38.05,0.031279
Cu04,38.150000000000006,0.03788766666666667
Cu04,38.25,0.04480133333333333
Cu04,38.35000000000001,0.051098
Cu04,38.45,0.05688
Cu04,38.55,0.061782
Cu04,38.650000000000006,0.06503566666666667
Cu04,38.75,0.06724033333333333
Cu04,38.85000000000001,0.066759
Cu04,38.95,0.06490233333333334
Cu04,39.05,0.06072366666666667
Cu04,39.150000000000006,0.05565833333333333
Cu04,39.25,0.04955266666666667
Cu04,39.35000000000001,0.042849333333333336
Cu04,39.45,0.03609
Cu04,39.55,0.029466666666666665
Cu04,39.650000000000006,0.023378333333333334
Cu04,39.75,0.017810666666666666
Cu04,39.85000000000001,0.013360666666666667
Cu04,39.95,0.009753666666666667
Cu04,40.05,0.0069
Cu04,40.150000000000006,0.004772333333333333
Cu04,40.25,0.003169
Cu04,40.35000000000001,0.00205
Cu04,40.45,0.0012853333333333334
Cu04,40.55,0.0007906666666666666
Cu04,40.650000000000006,0.00046533333333333333
Cu04,40.75,0.0002626666666666667
Cu04,40.85000000000001,0.00014066666666666668
Cu04,40.95,7.433333333333333e-05
Cu04,41.05,3.633333333333333e-05
Cu04,41.150000000000006,1.633333333333333e-05
Cu04,41.25,8.333333333333334e-06
Cu04,41.35000000000001,4.333333333333333e-06
Cu04,41.45,2.666666666666667e-06
Cu04,41.55,1.6666666666666667e-06
Cu04,41.650000000000006,3.3333333333333335e-07
Al_degrader_E8_E1,33.95,2e-07
Al_degrader_E8_E1,34.05,0.0
Al_degrader_E8_E1,34.150000000000006,4e-07
Al_degrader_E8_E1,34.25,0.0
Al_degrader_E8_E1,34.35,6e-07
Al_degrader_E8_E1,34.45,1.6e-06
Al_degrader_E8_E1,34.55,3.2e-06
Al_degrader_E8_E1,34.650000000000006,5.6e-06
Al_degrader_E8_E1,34.75,1.18e-05
Al_degrader_E8_E1,34.85,2.28e-05
Al_degrader_E8_E1,34.95,3.84e-05
Al_degrader_E8_E1,35.05,7.72e-05
Al_degrader_E8_E1,35.150000000000006,0.0001152
Al_degrader_E8_E1,35.25,0.0002024
Al_degrader_E8_E1,35.35,0.000328
Al_degrader_E8_E1,35.45,0.0005188
Al_degrader_E8_E1,35.55,0.0007826
Al_degrader_E8_E1,35.650000000000006,0.001189
Al_degrader_E8_E1,35.75,0.0016904
Al_degrader_E8_E1,35.85,0.002429
Al_degrader_E8_E1,35.95,0.0033376
Al_degrader_E8_E1,36.05,0.0046018
Al_degrader_E8_E1,36.150000000000006,0.0060212
Al_degrader_E8_E1,36.25,0.0078118
Al_degrader_E8_E1,36.35,0.0099068
Al_degrader_E8_E1,36.45,0.0126882
Al_degrader_E8_E1,36.55,0.0151648
Al_degrader_E8_E1,36.650000000000006,0.0180784
Al_degrader_E8_E1,36.75,0.0211932
Al_degrader_E8_E1,36.85,0.0246288
Al_degrader_E8_E1,36.95,0.0276088
Al_degrader_E8_E1,37.05,0.0307508
Al_degrader_E8_E1,37.150000000000006,0.0339128
Al_degrader_E8_E1,37.25,0.0365352
Al_degrader_E8_E1,37.35,0.038744
Al_degrader_E8_E1,37.45,0.040753
Al_degrader_E8_E1,37.55,0.0425234
Al_degrader_E8_E1,37.650000000000006,0.0438276
Al_degrader_E8_E1,37.75,0.0444076
Al_degrader_E8_E1,37.85,0.0448994
Al_degrader_E8_E1,37.95,0.0449074
Al_degrader_E8_E1,38.05,0.0444336
Al_degrader_E8_E1,38.150000000000006,0.0433662
Al_degrader_E8_E1,38.25,0.0420604
Al_degrader_E8_E1,38.35000000000001,0.0403596
Al_degrader_E8_E1,38.45,0.037889
Al_degrader_E8_E1,38.55,0.0353374
Al_degrader_E8_E1,38.650000000000006,0.0323816
Al_degrader_E8_E1,38.75,0.0294402
Al_degrader_E8_E1,38.85000000000001,0.0257456
Al_degrader_E8_E1,38.95,0.0224572
Al_degrader_E8_E1,39.05,0.0191742
Al_degrader_E8_E1,39.150000000000006,0.0158706
Al_degrader_E8_E1,39.25,0.0129778
Al_degrader_E8_E1,39.35000000000001,0.0103106
Al_degrader_E8_E1,39.45,0.0081046
Al_degrader_E8_E1,39.55,0.0060616
Al_degrader_E8_E1,39.650000000000006,0.0044812
Al_degrader_E8_E1,39.75,0.0032314
Al_degrader_E8_E1,39.85000000000001,0.0022858
Al_degrader_E8_E1,39.95,0.001577
Al_degrader_E8_E1,40.05,0.0010354
Al_degrader_E8_E1,40.150000000000006,0.0006774
Al_degrader_E8_E1,40.25,0.0004178
Al_degrader_E8_E1,40.35000000000001,0.0002612
Al_degrader_E8_E1,40.45,0.0001554
Al_degrader_E8_E1,40.55,9.16e-05
Al_degrader_E8_E1,40.650000000000006,4.44e-05
Al_degrader_E8_E1,40.75,2.64e-05
Al_degrader_E8_E1,40.85000000000001,1.3e-05
Al_degrader_E8_E1,40.95,6.2e-06
Al_degrader_E8_E1,41.05,3e-06
Al_degrader_E8_E1,41.150000000000006,1.2e-06
Al_degrader_E8_E1,41.25,6e-07
Al_degrader_E8_E1,41.35000000000001,8e-07
Al_degrader_E8_E1,41.45,2e-07
Ni05,33.650000000000006,3.3333333333333335e-07
Ni05,33.75,3.3333333333333335e-07
Ni05,33.85,0.0
Ni05,33.95,1e-06
Ni05,34.05,6.666666666666667e-07
Ni05,34.150000000000006,2.333333333333333e-06
Ni05,34.25,4.666666666666666e-06
Ni05,34.35,1.0333333333333333e-05
Ni05,34.45,2.4333333333333333e-05
Ni05,34.55,4.433333333333333e-05
Ni05,34.650000000000006,8.433333333333333e-05
Ni05,34.75,0.000148
Ni05,34.85,0.00025466666666666666
Ni05,34.95,0.000438
Ni05,35.05,0.000725
Ni05,35.150000000000006,0.0011643333333333334
Ni05,35.25,0.0017966666666666667
Ni05,35.35,0.0027283333333333335
Ni05,35.45,0.004047
Ni05,35.55,0.005777333333333333
Ni05,35.650000000000006,0.008058
Ni05,35.75,0.010924333333333333
Ni05,35.85,0.014622
Ni05,35.95,0.018947333333333333
Ni05,36.05,0.02399
Ni05,36.150000000000006,0.029902333333333333
Ni05,36.25,0.035943333333333334
Ni05,36.35,0.042056
Ni05,36.45,0.04842233333333333
Ni05,36.55,0.053695
Ni05,36.650000000000006,0.05842566666666667
Ni05,36.75,0.06168333333333333
Ni05,36.85,0.06410266666666667
Ni05,36.95,0.06408733333333333
Ni05,37.05,0.063444
Ni05,37.150000000000006,0.060453
Ni05,37.25,0.05594166666666667
Ni05,37.35,0.05059866666666667
Ni05,37.45,0.044610333333333335
Ni05,37.55,0.03827766666666667
Ni05,37.650000000000006,0.032266666666666666
Ni05,37.75,0.026250333333333334
Ni05,37.85,0.020830333333333333
Ni05,37.95,0.015854666666666666
Ni05,38.05,0.012008333333333333
Ni05,38.150000000000006,0.008782666666666666
Ni05,38.25,0.006313666666666667
Ni05,38.35000000000001,0.004358666666666667
Ni05,38.45,0.0029233333333333333
Ni05,38.55,0.0019373333333333332
Ni05,38.650000000000006,0.0012303333333333333
Ni05,38.75,0.0007693333333333333
Ni05,38.85000000000001,0.000455
Ni05,38.95,0.0002716666666666667
Ni05,39.05,0.000153
Ni05,39.150000000000006,7.5e-05
Ni05,39.25,4.3e-05
Ni05,39.35000000000001,1.9e-05
Ni05,39.45,1.1333333333333334e-05
Ni05,39.55,4.666666666666666e-06
Ni05,39.650000000000006,2.333333333333333e-06
Ni05,39.75,1e-06
Ni05,39.85000000000001,1e-06
Ni05,39.95,3.3333333333333335e-07
Sn05,33.55,3.3333333333333335e-07
Sn05,33.650000000000006,6.666666666666667e-07
Sn05,33.75,0.0
Sn05,33.85,1.3333333333333334e-06
Sn05,33.95,6.666666666666667e-07
Sn05,34.05,1.3333333333333334e-06
Sn05,34.150000000000006,8e-06
Sn05,34.25,1.4666666666666666e-05
Sn05,34.35,2.7e-05
Sn05,34.45,5.7e-05
Sn05,34.55,0.000104
Sn05,34.650000000000006,0.00018433333333333333
Sn05,34.75,0.0003333333333333333
Sn05,34.85,0.000523
Sn05,34.95,0.000887
Sn05,35.05,0.0014043333333333334
Sn05,35.150000000000006,0.0022203333333333333
Sn05,35.25,0.0032676666666666665
Sn05,35.35,0.004829666666666667
Sn05,35.45,0.006750666666666667
Sn05,35.55,0.009389333333333333
Sn05,35.650000000000006,0.01271
Sn05,35.75,0.016884333333333335
Sn05,35.85,0.021538333333333333
Sn05,35.95,0.026901
Sn05,36.05,0.033190333333333336
Sn05,36.150000000000006,0.040105666666666664
Sn05,36.25,0.045663
Sn05,36.35,0.051819
Sn05,36.45,0.056791
Sn05,36.55,0.06100666666666667
Sn05,36.650000000000006,0.06367933333333334
Sn05,36.75,0.064767
Sn05,36.85,0.06551166666666666
Sn05,36.95,0.06175766666666667
Sn05,37.05,0.058348333333333335
Sn05,37.150000000000006,0.053202
Sn05,37.25,0.04735
Sn05,37.35,0.041096
Sn05,37.45,0.03461733333333333
Sn05,37.55,0.028688666666666668
Sn05,37.650000000000006,0.022752333333333333
Sn05,37.75,0.017531333333333333
Sn05,37.85,0.013250333333333333
Sn05,37.95,0.009765
Sn05,38.05,0.007153666666666667
Sn05,38.150000000000006,0.004892
Sn05,38.25,0.003344666666666667
Sn05,38.35000000000001,0.0021836666666666667
Sn05,38.45,0.0013946666666666667
Sn05,38.55,0.0008806666666666666
Sn05,38.650000000000006,0.0005513333333333334
Sn05,38.75,0.0003136666666666667
Sn05,38.85000000000001,0.00016433333333333333
Sn05,38.95,9.833333333333333e-05
Sn05,39.05,4.4666666666666664e-05
Sn05,39.150000000000006,2.6e-05
Sn05,39.25,1e-05
Sn05,39.35000000000001,4.333333333333333e-06
Sn05,39.45,3e-06
Sn05,39.55,3e-06
Sn05,39.650000000000006,1e-06
Ta05,33.35,3.3333333333333335e-07
Ta05,33.45,3.3333333333333335e-07
Ta05,33.55,3.3333333333333335e-07
Ta05,33.650000000000006,6.666666666666667e-07
Ta05,33.75,6.666666666666667e-07
Ta05,33.85,2.333333333333333e-06
Ta05,33.95,4.666666666666666e-06
Ta05,34.05,1.0666666666666667e-05
Ta05,34.150000000000006,2.5333333333333334e-05
Ta05,34.25,4.1666666666666665e-05
Ta05,34.35,8.7e-05
Ta05,34.45,0.000145
Ta05,34.55,0.00025966666666666667
Ta05,34.650000000000006,0.000428
Ta05,34.75,0.000731
Ta05,34.85,0.001145
Ta05,34.95,0.001792
Ta05,35.05,0.0027256666666666666
Ta05,35.150000000000006,0.00402
Ta05,35.25,0.005713333333333333
Ta05,35.35,0.008002666666666667
Ta05,35.45,0.010839
Ta05,35.55,0.014482
Ta05,35.650000000000006,0.018836
Ta05,35.75,0.02379
Ta05,35.85,0.029648333333333332
Ta05,35.95,0.035774
Ta05,36.05,0.04205933333333333
Ta05,36.150000000000006,0.047871333333333335
Ta05,36.25,0.05332566666666667
Ta05,36.35,0.058115
Ta05,36.45,0.06147766666666667
Ta05,36.55,0.063536
Ta05,36.650000000000006,0.06444033333333334
Ta05,36.75,0.06334933333333333
Ta05,36.85,0.060574333333333334
Ta05,36.95,0.056017333333333336
Ta05,37.05,0.050759
Ta05,37.150000000000006,0.04488266666666667
Ta05,37.25,0.038589
Ta05,37.35,0.032530666666666666
Ta05,37.45,0.026537333333333333
Ta05,37.55,0.021067666666666665
Ta05,37.650000000000006,0.016121666666666666
Ta05,37.75,0.012173333333333333
Ta05,37.85,0.008978
Ta05,37.95,0.006454
Ta05,38.05,0.004481666666666667
Ta05,38.150000000000006,0.003009
Ta05,38.25,0.001989
Ta05,38.35000000000001,0.0012656666666666667
Ta05,38.45,0.000795
Ta05,38.55,0.00048633333333333335
Ta05,38.650000000000006,0.000283
Ta05,38.75,0.00015766666666666666
Ta05,38.85000000000001,7.966666666666666e-05
Ta05,38.95,4.566666666666667e-05
Ta05,39.05,2.0666666666666666e-05
Ta05,39.150000000000006,1.2e-05
Ta05,39.25,4e-06
Ta05,39.35000000000001,2.333333333333333e-06
Ta05,39.45,1.6666666666666667e-06
Ta05,39.55,1e-06
Ta05,39.650000000000006,3.3333333333333335e-07
Cu05,33.150000000000006,3.3333333333333335e-07
Cu05,33.25,3.3333333333333335e-07
Cu05,33.35,1e-06
Cu05,33.45,0.0
Cu05,33.55,1.3333333333333334e-06
Cu05,33.650000000000006,3e-06
Cu05,33.75,7.333333333333333e-06
Cu05,33.85,1.3e-05
Cu05,33.95,2.8333333333333332e-05
Cu05,34.05,5.566666666666667e-05
Cu05,34.150000000000006,9.933333333333334e-05
Cu05,34.25,0.000185
Cu05,34.35,0.00029866666666666664
Cu05,34.45,0.0004983333333333334
Cu05,34.55,0.0008316666666666666
Cu05,34.650000000000006,0.001323
Cu05,34.75,0.002023333333333333
Cu05,34.85,0.003034666666666667
Cu05,34.95,0.004359333333333333
Cu05,35.05,0.006259
Cu05,35.150000000000006,0.008612333333333333
Cu05,35.25,0.011743666666666666
Cu05,35.35,0.015402333333333334
Cu05,35.45,0.019759333333333334
Cu05,35.55,0.024924666666666668
Cu05,35.650000000000006,0.030856
Cu05,35.75,0.036880666666666666
Cu05,35.85,0.043095
Cu05,35.95,0.048821
Cu05,36.05,0.054049
Cu05,36.150000000000006,0.058534
Cu05,36.25,0.06164766666666667
Cu05,36.35,0.06383433333333334
Cu05,36.45,0.06376833333333333
Cu05,36.55,0.062165333333333336
Cu05,36.650000000000006,0.059631
Cu05,36.75,0.054832
Cu05,36.85,0.04968433333333333
Cu05,36.95,0.04367766666666666
Cu05,37.05,0.037404
Cu05,37.150000000000006,0.03152566666666667
Cu05,37.25,0.025630666666666666
Cu05,37.35,0.020332333333333334
Cu05,37.45,0.015521666666666666
Cu05,37.55,0.011737666666666667
Cu05,37.650000000000006,0.008600333333333333
Cu05,37.75,0.006189
Cu05,37.85,0.004294
Cu05,37.95,0.0028796666666666667
Cu05,38.05,0.001908
Cu05,38.150000000000006,0.0012206666666666668
Cu05,38.25,0.0007703333333333334
Cu05,38.35000000000001,0.00045466666666666664
Cu05,38.45,0.000276
Cu05,38.55,0.00015066666666666668
Cu05,38.650000000000006,7.8e-05
Cu05,38.75,4.433333333333333e-05
Cu05,38.85000000000001,2.0333333333333334e-05
Cu05,38.95,1.1333333333333334e-05
Cu05,39.05,4e-06
Cu05,39.150000000000006,2.666666666666667e-06
Cu05,39.25,1.3333333333333334e-06
Cu05,39.35000000000001,1e-06
Cu05,39.45,3.3333333333333335e-07
Al_degrader_E4_E3_E2,30.35,1.4285714285714285e-07
Al_degrader_E4_E3_E2,30.450000000000003,0.0
Al_degrader_E4_E3_E2,30.55,2.857142857142857e-07
Al_degrader_E4_E3_E2,30.650000000000002,0.0
Al_degrader_E4_E3_E2,30.75,2.857142857142857e-07
Al_degrader_E4_E3_E2,30.85,8.571428571428571e-07
Al_degrader_E4_E3_E2,30.950000000000003,1.5714285714285714e-06
Al_degrader_E4_E3_E2,31.05,2.7142857142857144e-06
Al_degrader_E4_E3_E2,31.150000000000002,6.5714285714285714e-06
Al_degrader_E4_E3_E2,31.25,9.857142857142857e-06
Al_degrader_E4_E3_E2,31.35,1.8714285714285714e-05
Al_degrader_E4_E3_E2,31.450000000000003,2.957142857142857e-05
Al_degrader_E4_E3_E2,31.55,5.457142857142857e-05
Al_degrader_E4_E3_E2,31.650000000000002,8.271428571428572e-05
Al_degrader_E4_E3_E2,31.75,0.00013528571428571428
Al_degrader_E4_E3_E2,31.85,0.00021285714285714286
Al_degrader_E4_E3_E2,31.950000000000003,0.00032614285714285715
Al_degrader_E4_E3_E2,32.05,0.00047857142857142857
Al_degrader_E4_E3_E2,32.150000000000006,0.000709
Al_degrader_E4_E3_E2,32.25,0.0009824285714285714
Al_degrader_E4_E3_E2,32.35,0.0013855714285714285
Al_degrader_E4_E3_E2,32.45,0.001903
Al_degrader_E4_E3_E2,32.55,0.002520714285714286
Al_degrader_E4_E3_E2,32.650000000000006,0.003354
Al_degrader_E4_E3_E2,32.75,0.0043011428571428575
Al_degrader_E4_E3_E2,32.85,0.005444
Al_degrader_E4_E3_E2,32.95,0.006886285714285715
Al_degrader_E4_E3_E2,33.05,0.008370571428571429
Al_degrader_E4_E3_E2,33.150000000000006,0.010012
Al_degrader_E4_E3_E2,33.25,0.011818285714285713
Al_degrader_E4_E3_E2,33.35,0.013700571428571428
Al_degrader_E4_E3_E2,33.45,0.015814428571428573
Al_degrader_E4_E3_E2,33.55,0.017735
Al_degrader_E4_E3_E2,33.650000000000006,0.019625
Al_degrader_E4_E3_E2,33.75,0.021686857142857143
Al_degrader_E4_E3_E2,33.85,0.02332657142857143
Al_degrader_E4_E3_E2,33.95,0.02504942857142857
Al_degrader_E4_E3_E2,34.05,0.02629142857142857
Al_degrader_E4_E3_E2,34.150000000000006,0.027669
Al_degrader_E4_E3_E2,34.25,0.028894285714285713
Al_degrader_E4_E3_E2,34.35,0.029768714285714287
Al_degrader_E4_E3_E2,34.45,0.03042442857142857
Al_degrader_E4_E3_E2,34.55,0.031058714285714287
Al_degrader_E4_E3_E2,34.650000000000006,0.03160271428571428
Al_degrader_E4_E3_E2,34.75,0.031904857142857145
Al_degrader_E4_E3_E2,34.85,0.03222257142857143
Al_degrader_E4_E3_E2,34.95,0.03223457142857143
Al_degrader_E4_E3_E2,35.05,0.03235271428571428
Al_degrader_E4_E3_E2,35.150000000000006,0.03240242857142857
Al_degrader_E4_E3_E2,35.25,0.032415
Al_degrader_E4_E3_E2,35.35,0.03199185714285714
Al_degrader_E4_E3_E2,35.45,0.03181314285714286
Al_degrader_E4_E3_E2,35.55,0.031340428571428575
Al_degrader_E4_E3_E2,35.650000000000006,0.030696428571428572
Al_degrader_E4_E3_E2,35.75,0.029717
Al_degrader_E4_E3_E2,35.85,0.028761142857142857
Al_degrader_E4_E3_E2,35.95,0.027563428571428572
Al_degrader_E4_E3_E2,36.05,0.025878
Al_degrader_E4_E3_E2,36.150000000000006,0.024214857142857142
Al_degrader_E4_E3_E2,36.25,0.022271142857142857
Al_degrader_E4_E3_E2,36.35,0.020431857142857144
Al_degrader_E4_E3_E2,36.45,0.017967
Al_degrader_E4_E3_E2,36.55,0.01591242857142857
Al_degrader_E4_E3_E2,36.650000000000006,0.013718285714285714
Al_degrader_E4_E3_E2,36.75,0.011579142857142857
Al_degrader_E4_E3_E2,36.85,0.009563857142857143
Al_degrader_E4_E3_E2,36.95,0.007793428571428572
Al_degrader_E4_E3_E2,37.05,0.006163285714285714
Al_degrader_E4_E3_E2,37.150000000000006,0.004907428571428571
Al_degrader_E4_E3_E2,37.25,0.0036504285714285714
Al_degrader_E4_E3_E2,37.35,0.0027175714285714286
Al_degrader_E4_E3_E2,37.45,0.001966
Al_degrader_E4_E3_E2,37.55,0.0014175714285714286
Al_degrader_E4_E3_E2,37.650000000000006,0.0009717142857142857
Al_degrader_E4_E3_E2,37.75,0.0006517142857142857
Al_degrader_E4_E3_E2,37.85,0.00043385714285714284
Al_degrader_E4_E3_E2,37.95,0.000268
Al_degrader_E4_E3_E2,38.05,0.00017185714285714287
Al_degrader_E4_E3_E2,38.150000000000006,0.00010557142857142857
Al_degrader_E4_E3_E2,38.25,6.3e-05
Al_degrader_E4_E3_E2,38.35000000000001,3.314285714285714e-05
Al_degrader_E4_E3_E2,38.45,1.8857142857142856e-05
Al_degrader_E4_E3_E2,38.55,9.428571428571428e-06
Al_degrader_E4_E3_E2,38.650000000000006,5.142857142857143e-06
Al_degrader_E4_E3_E2,38.75,2.8571428571428573e-06
Al_degrader_E4_E3_E2,38.85000000000001,1e-06
Al_degrader_E4_E3_E2,38.95,4.2857142857142857e-07
Al_degrader_E4_E3_E2,39.05,4.2857142857142857e-07
Al_degrader_E4_E3_E2,39.150000000000006,1.4285714285714285e-07
Al_degrader_E4_E3_E2,39.25,1.4285714285714285e-07
Ni06,30.05,3.3333333333333335e-07
Ni06,30.150000000000002,3.3333333333333335e-07
Ni06,30.25,0.0
Ni06,30.35,1e-06
Ni06,30.450000000000003,6.666666666666667e-07
Ni06,30.55,2.333333333333333e-06
Ni06,30.650000000000002,4.333333333333333e-06
Ni06,30.75,8.666666666666666e-06
Ni06,30.85,1.8666666666666665e-05
Ni06,30.950000000000003,3e-05
Ni06,31.05,6.0666666666666666e-05
Ni06,31.150000000000002,9.8e-05
Ni06,31.25,0.000184
Ni06,31.35,0.000272
Ni06,31.450000000000003,0.00045766666666666666
Ni06,31.55,0.000728
Ni06,31.650000000000002,0.001123
Ni06,31.75,0.0016606666666666666
Ni06,31.85,0.002475
Ni06,31.950000000000003,0.0035323333333333335
Ni06,32.05,0.004961333333333333
Ni06,32.150000000000006,0.006723333333333334
Ni06,32.25,0.009077
Ni06,32.35,0.011942
Ni06,32.45,0.015472666666666666
Ni06,32.55,0.019316666666666666
Ni06,32.650000000000006,0.023850666666666666
Ni06,32.75,0.029175
Ni06,32.85,0.03441466666666667
Ni06,32.95,0.03992933333333333
Ni06,33.05,0.044832
Ni06,33.150000000000006,0.04962766666666667
Ni06,33.25,0.053893666666666666
Ni06,33.35,0.05665133333333333
Ni06,33.45,0.05893966666666667
Ni06,33.55,0.06017466666666667
Ni06,33.650000000000006,0.05944833333333333
Ni06,33.75,0.05761633333333333
Ni06,33.85,0.054103
Ni06,33.95,0.050223666666666666
Ni06,34.05,0.04530466666666667
Ni06,34.150000000000006,0.04009066666666666
Ni06,34.25,0.034673
Ni06,34.35,0.029160666666666668
Ni06,34.45,0.024164666666666668
Ni06,34.55,0.019484
Ni06,34.650000000000006,0.015120666666666666
Ni06,34.75,0.011689
Ni06,34.85,0.008811
Ni06,34.95,0.006433
Ni06,35.05,0.004666666666666667
Ni06,35.150000000000006,0.0032313333333333335
Ni06,35.25,0.002206
Ni06,35.35,0.0014843333333333334
Ni06,35.45,0.0009503333333333333
Ni06,35.55,0.000616
Ni06,35.650000000000006,0.00038366666666666665
Ni06,35.75,0.00022133333333333334
Ni06,35.85,0.000129
Ni06,35.95,6.8e-05
Ni06,36.05,4.1e-05
Ni06,36.150000000000006,1.8333333333333333e-05
Ni06,36.25,1.2e-05
Ni06,36.35,4.333333333333333e-06
Ni06,36.45,1.6666666666666667e-06
Ni06,36.55,2.333333333333333e-06
Ni06,36.650000000000006,1.3333333333333334e-06
Ni06,36.75,3.3333333333333335e-07
Sn06,29.950000000000003,6.666666666666667e-07
Sn06,30.05,3.3333333333333335e-07
Sn06,30.150000000000002,0.0
Sn06,30.25,1.3333333333333334e-06
Sn06,30.35,6.666666666666667e-07
Sn06,30.450000000000003,1.3333333333333334e-06
Sn06,30.55,7e-06
Sn06,30.650000000000002,1.3333333333333333e-05
Sn06,30.75,2.1e-05
Sn06,30.85,4.6e-05
Sn06,30.950000000000003,7.2e-05
Sn06,31.05,0.00014
Sn06,31.150000000000002,0.00020966666666666668
Sn06,31.25,0.000373
Sn06,31.35,0.000566
Sn06,31.450000000000003,0.0009113333333333333
Sn06,31.55,0.0013956666666666666
Sn06,31.650000000000002,0.002102
Sn06,31.75,0.002997333333333333
Sn06,31.85,0.004336
Sn06,31.950000000000003,0.005914
Sn06,32.05,0.008056
Sn06,32.150000000000006,0.010635333333333333
Sn06,32.25,0.01405
Sn06,32.35,0.017824666666666666
Sn06,32.45,0.022129
Sn06,32.55,0.026940333333333333
Sn06,32.650000000000006,0.03288666666666667
Sn06,32.75,0.038239333333333334
Sn06,32.85,0.043299
Sn06,32.95,0.04846366666666667
Sn06,33.05,0.05266933333333333
Sn06,33.150000000000006,0.056363333333333335
Sn06,33.25,0.05898366666666666
Sn06,33.35,0.05983033333333333
Sn06,33.45,0.060895
Sn06,33.55,0.05864933333333333
Sn06,33.650000000000006,0.055879333333333336
Sn06,33.75,0.051763
Sn06,33.85,0.047198
Sn06,33.95,0.04184
Sn06,34.05,0.036434
Sn06,34.150000000000006,0.030865333333333335
Sn06,34.25,0.025995666666666667
Sn06,34.35,0.020559666666666667
Sn06,34.45,0.016194333333333335
Sn06,34.55,0.012520666666666666
Sn06,34.650000000000006,0.0094
Sn06,34.75,0.007072
Sn06,34.85,0.0050416666666666665
Sn06,34.95,0.003514666666666667
Sn06,35.05,0.0024213333333333335
Sn06,35.150000000000006,0.001565
Sn06,35.25,0.0010616666666666667
Sn06,35.35,0.000674
Sn06,35.45,0.0004296666666666667
Sn06,35.55,0.00024433333333333333
Sn06,35.650000000000006,0.000138
Sn06,35.75,7.9e-05
Sn06,35.85,3.9666666666666664e-05
Sn06,35.95,2.4333333333333333e-05
Sn06,36.05,9e-06
Sn06,36.150000000000006,5e-06
Sn06,36.25,2.333333333333333e-06
Sn06,36.35,3.3333333333333333e-06
Sn06,36.45,1e-06
Sn06,36.55,3.3333333333333335e-07
Ta06,29.650000000000002,3.3333333333333335e-07
Ta06,29.75,0.0
Ta06,29.85,3.3333333333333335e-07
Ta06,29.950000000000003,1e-06
Ta06,30.05,0.0
Ta06,30.150000000000002,6.666666666666667e-07
Ta06,30.25,3e-06
Ta06,30.35,5e-06
Ta06,30.450000000000003,9.666666666666667e-06
Ta06,30.55,2.1e-05
Ta06,30.650000000000002,3.7e-05
Ta06,30.75,6.866666666666666e-05
Ta06,30.85,0.000113
Ta06,30.950000000000003,0.0002
Ta06,31.05,0.000309
Ta06,31.150000000000002,0.0005016666666666666
Ta06,31.25,0.000792
Ta06,31.35,0.0012296666666666667
Ta06,31.450000000000003,0.0018123333333333333
Ta06,31.55,0.0026276666666666666
Ta06,31.650000000000002,0.003813
Ta06,31.75,0.00525
Ta06,31.85,0.007107
Ta06,31.950000000000003,0.009540333333333333
Ta06,32.05,0.012511333333333333
Ta06,32.150000000000006,0.016025666666666667
Ta06,32.25,0.020102
Ta06,32.35,0.024577333333333333
Ta06,32.45,0.029992666666666667
Ta06,32.55,0.03523266666666667
Ta06,32.650000000000006,0.040681
Ta06,32.75,0.045513
Ta06,32.85,0.05022133333333333
Ta06,32.95,0.05412666666666666
Ta06,33.05,0.05696366666666667
Ta06,33.150000000000006,0.058853
Ta06,33.25,0.059909333333333335
Ta06,33.35,0.059165666666666665
Ta06,33.45,0.057092333333333335
Ta06,33.55,0.053409
Ta06,33.650000000000006,0.049411333333333335
Ta06,33.75,0.044519333333333334
Ta06,33.85,0.039335
Ta06,33.95,0.033716666666666666
Ta06,34.05,0.028566666666666667
Ta06,34.150000000000006,0.023547
Ta06,34.25,0.018903666666666666
Ta06,34.35,0.014639
Ta06,34.45,0.011279666666666667
Ta06,34.55,0.008502
Ta06,34.650000000000006,0.006247333333333333
Ta06,34.75,0.004503
Ta06,34.85,0.003112666666666667
Ta06,34.95,0.0021246666666666666
Ta06,35.05,0.001408
Ta06,35.150000000000006,0.0009216666666666667
Ta06,35.25,0.000594
Ta06,35.35,0.000366
Ta06,35.45,0.000219
Ta06,35.55,0.000121
Ta06,35.650000000000006,6.733333333333333e-05
Ta06,35.75,3.733333333333333e-05
Ta06,35.85,1.9e-05
Ta06,35.95,1e-05
Ta06,36.05,3.6666666666666666e-06
Ta06,36.150000000000006,2.666666666666667e-06
Ta06,36.25,1.6666666666666667e-06
Ta06,36.35,1.3333333333333334e-06
Ta06,36.45,3.3333333333333335e-07
Cu06,29.450000000000003,3.3333333333333335e-07
Cu06,29.55,3.3333333333333335e-07
Cu06,29.650000000000002,3.3333333333333335e-07
Cu06,29.75,6.666666666666667e-07
Cu06,29.85,6.666666666666667e-07
Cu06,29.950000000000003,1.3333333333333334e-06
Cu06,30.05,4e-06
Cu06,30.150000000000002,7.333333333333333e-06
Cu06,30.25,1.7e-05
Cu06,30.35,2.5666666666666666e-05
Cu06,30.450000000000003,5.133333333333333e-05
Cu06,30.55,8.866666666666666e-05
Cu06,30.650000000000002,0.00015366666666666667
Cu06,30.75,0.00024433333333333333
Cu06,30.85,0.000398
Cu06,30.950000000000003,0.0006396666666666666
Cu06,31.05,0.0009543333333333333
Cu06,31.150000000000002,0.0014876666666666667
Cu06,31.25,0.002155
Cu06,31.35,0.003145
Cu06,31.450000000000003,0.004354
Cu06,31.55,0.005985
Cu06,31.650000000000002,0.008092666666666666
Cu06,31.75,0.010793333333333334
Cu06,31.85,0.013738
Cu06,31.950000000000003,0.017566333333333333
Cu06,32.05,0.021763333333333332
Cu06,32.150000000000006,0.026688666666666666
Cu06,32.25,0.031573
Cu06,32.35,0.037138
Cu06,32.45,0.042405
Cu06,32.55,0.047043666666666664
Cu06,32.650000000000006,0.05126633333333333
Cu06,32.75,0.054957
Cu06,32.85,0.05746966666666667
Cu06,32.95,0.059332
Cu06,33.05,0.05860566666666667
Cu06,33.150000000000006,0.058396666666666666
Cu06,33.25,0.055752
Cu06,33.35,0.05190366666666667
Cu06,33.45,0.04748433333333334
Cu06,33.55,0.04260766666666667
Cu06,33.650000000000006,0.03744733333333333
Cu06,33.75,0.032109
Cu06,33.85,0.02695233333333333
Cu06,33.95,0.021753333333333333
Cu06,34.05,0.017621
Cu06,34.150000000000006,0.013611
Cu06,34.25,0.010446333333333334
Cu06,34.35,0.007796333333333333
Cu06,34.45,0.0057476666666666665
Cu06,34.55,0.004064666666666667
Cu06,34.650000000000006,0.002839
Cu06,34.75,0.0019293333333333332
Cu06,34.85,0.001261
Cu06,34.95,0.000846
Cu06,35.05,0.000529
Cu06,35.150000000000006,0.00032933333333333333
Cu06,35.25,0.000189
Cu06,35.35,0.00010733333333333333
Cu06,35.45,6.366666666666666e-05
Cu06,35.55,3.1e-05
Cu06,35.650000000000006,1.6666666666666667e-05
Cu06,35.75,9.333333333333333e-06
Cu06,35.85,4e-06
Cu06,35.95,2.333333333333333e-06
Cu06,36.05,1e-06
Cu06,36.150000000000006,1.3333333333333334e-06
Cu06,36.25,3.3333333333333335e-07
Al_degrader_E7_E6_E5,26.35,1.1111111111111111e-07
Al_degrader_E7_E6_E5,26.450000000000003,0.0
Al_degrader_E7_E6_E5,26.55,0.0
Al_degrader_E7_E6_E5,26.650000000000002,2.2222222222222222e-07
Al_degrader_E7_E6_E5,26.75,1.1111111111111111e-07
Al_degrader_E7_E6_E5,26.85,2.2222222222222222e-07
Al_degrader_E7_E6_E5,26.950000000000003,6.666666666666667e-07
Al_degrader_E7_E6_E5,27.05,1.5555555555555556e-06
Al_degrader_E7_E6_E5,27.150000000000002,1.7777777777777777e-06
Al_degrader_E7_E6_E5,27.25,4.444444444444444e-06
Al_degrader_E7_E6_E5,27.35,6.777777777777778e-06
Al_degrader_E7_E6_E5,27.450000000000003,1.3333333333333333e-05
Al_degrader_E7_E6_E5,27.55,1.7222222222222224e-05
Al_degrader_E7_E6_E5,27.650000000000002,3.322222222222222e-05
Al_degrader_E7_E6_E5,27.75,4.9555555555555555e-05
Al_degrader_E7_E6_E5,27.85,7.855555555555556e-05
Al_degrader_E7_E6_E5,27.950000000000003,0.00011555555555555555
Al_degrader_E7_E6_E5,28.05,0.00017966666666666668
Al_degrader_E7_E6_E5,28.150000000000002,0.00026066666666666664
Al_degrader_E7_E6_E5,28.25,0.00037555555555555557
Al_degrader_E7_E6_E5,28.35,0.0005302222222222222
Al_degrader_E7_E6_E5,28.450000000000003,0.0007501111111111111
Al_degrader_E7_E6_E5,28.55,0.0010067777777777779
Al_degrader_E7_E6_E5,28.650000000000002,0.001356111111111111
Al_degrader_E7_E6_E5,28.75,0.0018067777777777778
Al_degrader_E7_E6_E5,28.85,0.002375777777777778
Al_degrader_E7_E6_E5,28.950000000000003,0.003023333333333333
Al_degrader_E7_E6_E5,29.05,0.003796111111111111
Al_degrader_E7_E6_E5,29.150000000000002,0.004759
Al_degrader_E7_E6_E5,29.25,0.005954222222222222
Al_degrader_E7_E6_E5,29.35,0.007089111111111111
Al_degrader_E7_E6_E5,29.450000000000003,0.008422777777777777
Al_degrader_E7_E6_E5,29.55,0.009930111111111112
Al_degrader_E7_E6_E5,29.650000000000002,0.011583777777777778
Al_degrader_E7_E6_E5,29.75,0.01320711111111111
Al_degrader_E7_E6_E5,29.85,0.014849888888888888
Al_degrader_E7_E6_E5,29.950000000000003,0.016622
Al_degrader_E7_E6_E5,30.05,0.018385666666666668
Al_degrader_E7_E6_E5,30.150000000000002,0.020072
Al_degrader_E7_E6_E5,30.25,0.021523444444444446
Al_degrader_E7_E6_E5,30.35,0.023063888888888887
Al_degrader_E7_E6_E5,30.450000000000003,0.02435022222222222
Al_degrader_E7_E6_E5,30.55,0.025651555555555556
Al_degrader_E7_E6_E5,30.650000000000002,0.026604555555555555
Al_degrader_E7_E6_E5,30.75,0.02761488888888889
Al_degrader_E7_E6_E5,30.85,0.02850177777777778
Al_degrader_E7_E6_E5,30.950000000000003,0.029018
Al_degrader_E7_E6_E5,31.05,0.029462111111111113
Al_degrader_E7_E6_E5,31.150000000000002,0.030061
Al_degrader_E7_E6_E5,31.25,0.030323555555555555
Al_degrader_E7_E6_E5,31.35,0.030542333333333335
Al_degrader_E7_E6_E5,31.450000000000003,0.030724222222222222
Al_degrader_E7_E6_E5,31.55,0.030914333333333332
Al_degrader_E7_E6_E5,31.650000000000002,0.030621444444444444
Al_degrader_E7_E6_E5,31.75,0.030639
Al_degrader_E7_E6_E5,31.85,0.030503555555555555
Al_degrader_E7_E6_E5,31.950000000000003,0.030190333333333333
Al_degrader_E7_E6_E5,32.05,0.029651555555555556
Al_degrader_E7_E6_E5,32.150000000000006,0.029075777777777777
Al_degrader_E7_E6_E5,32.25,0.028450555555555555
Al_degrader_E7_E6_E5,32.35,0.027261666666666667
Al_degrader_E7_E6_E5,32.45,0.02622188888888889
Al_degrader_E7_E6_E5,32.55,0.024933888888888887
Al_degrader_E7_E6_E5,32.650000000000006,0.023505222222222222
Al_degrader_E7_E6_E5,32.75,0.021796
Al_degrader_E7_E6_E5,32.85,0.020006555555555555
Al_degrader_E7_E6_E5,32.95,0.018311777777777778
Al_degrader_E7_E6_E5,33.05,0.016253666666666666
Al_degrader_E7_E6_E5,33.150000000000006,0.014317777777777778
Al_degrader_E7_E6_E5,33.25,0.01237611111111111
Al_degrader_E7_E6_E5,33.35,0.010559
Al_degrader_E7_E6_E5,33.45,0.00889311111111111
Al_degrader_E7_E6_E5,33.55,0.007319222222222223
Al_degrader_E7_E6_E5,33.650000000000006,0.005924666666666667
Al_degrader_E7_E6_E5,33.75,0.004737666666666667
Al_degrader_E7_E6_E5,33.85,0.0036412222222222223
Al_degrader_E7_E6_E5,33.95,0.0027914444444444445
Al_degrader_E7_E6_E5,34.05,0.0020843333333333334
Al_degrader_E7_E6_E5,34.150000000000006,0.0015183333333333333
Al_degrader_E7_E6_E5,34.25,0.0011214444444444444
Al_degrader_E7_E6_E5,34.35,0.0007681111111111111
Al_degrader_E7_E6_E5,34.45,0.0005318888888888889
Al_degrader_E7_E6_E5,34.55,0.00035988888888888887
Al_degrader_E7_E6_E5,34.650000000000006,0.00023355555555555556
Al_degrader_E7_E6_E5,34.75,0.00015333333333333334
Al_degrader_E7_E6_E5,34.85,9.255555555555555e-05
Al_degrader_E7_E6_E5,34.95,6.111111111111111e-05
Al_degrader_E7_E6_E5,35.05,3.355555555555556e-05
Al_degrader_E7_E6_E5,35.150000000000006,1.988888888888889e-05
Al_degrader_E7_E6_E5,35.25,1.0666666666666667e-05
Al_degrader_E7_E6_E5,35.35,5.555555555555556e-06
Al_degrader_E7_E6_E5,35.45,3.4444444444444444e-06
Al_degrader_E7_E6_E5,35.55,1.5555555555555556e-06
Al_degrader_E7_E6_E5,35.650000000000006,7.777777777777778e-07
Al_degrader_E7_E6_E5,35.75,3.3333333333333335e-07
Al_degrader_E7_E6_E5,35.85,3.3333333333333335e-07
Al_degrader_E7_E6_E5,35.95,1.1111111111111111e-07
Al_degrader_E7_E6_E5,36.05,1.1111111111111111e-07
Ni07,25.950000000000003,3.3333333333333335e-07
Ni07,26.05,0.0
Ni07,26.150000000000002,3.3333333333333335e-07
Ni07,26.25,0.0
Ni07,26.35,1e-06
Ni07,26.450000000000003,6.666666666666667e-07
Ni07,26.55,6.666666666666667e-07
Ni07,26.650000000000002,3.3333333333333333e-06
Ni07,26.75,5.333333333333334e-06
Ni07,26.85,8e-06
Ni07,26.950000000000003,2.0666666666666666e-05
Ni07,27.05,3e-05
Ni07,27.150000000000002,5.566666666666667e-05
Ni07,27.25,8.333333333333333e-05
Ni07,27.35,0.00015133333333333334
Ni07,27.450000000000003,0.000218
Ni07,27.55,0.00035266666666666666
Ni07,27.650000000000002,0.0005233333333333333
Ni07,27.75,0.0007946666666666667
Ni07,27.85,0.0011713333333333333
Ni07,27.950000000000003,0.001679
Ni07,28.05,0.0023586666666666665
Ni07,28.150000000000002,0.0032876666666666666
Ni07,28.25,0.00446
Ni07,28.35,0.005875666666666667
Ni07,28.450000000000003,0.0077596666666666664
Ni07,28.55,0.010087333333333334
Ni07,28.650000000000002,0.012593
Ni07,28.75,0.015763666666666665
Ni07,28.85,0.019363333333333333
Ni07,28.950000000000003,0.023411333333333333
Ni07,29.05,0.027546333333333332
Ni07,29.150000000000002,0.03215166666666667
Ni07,29.25,0.036754666666666665
Ni07,29.35,0.04081033333333333
Ni07,29.450000000000003,0.044823
Ni07,29.55,0.04843366666666667
Ni07,29.650000000000002,0.051165333333333333
Ni07,29.75,0.05344566666666667
Ni07,29.85,0.054774666666666666
Ni07,29.950000000000003,0.054262333333333336
Ni07,30.05,0.05417
Ni07,30.150000000000002,0.05212733333333333
Ni07,30.25,0.048808
Ni07,30.35,0.045485333333333336
Ni07,30.450000000000003,0.04142
Ni07,30.55,0.036998666666666666
Ni07,30.650000000000002,0.03224166666666667
Ni07,30.75,0.028035
Ni07,30.85,0.023544
Ni07,30.950000000000003,0.019487
Ni07,31.05,0.015541666666666667
Ni07,31.150000000000002,0.012356333333333334
Ni07,31.25,0.009621666666666667
Ni07,31.35,0.007375666666666667
Ni07,31.450000000000003,0.005534
Ni07,31.55,0.0040743333333333335
Ni07,31.650000000000002,0.002899
Ni07,31.75,0.0020416666666666665
Ni07,31.85,0.0014013333333333334
Ni07,31.950000000000003,0.0009563333333333333
Ni07,32.05,0.0006356666666666666
Ni07,32.150000000000006,0.00039733333333333336
Ni07,32.25,0.00026166666666666667
Ni07,32.35,0.00015333333333333334
Ni07,32.45,9.133333333333334e-05
Ni07,32.55,5.066666666666667e-05
Ni07,32.650000000000006,2.8333333333333332e-05
Ni07,32.75,1.6e-05
Ni07,32.85,9.666666666666667e-06
Ni07,32.95,4e-06
Ni07,33.05,1.3333333333333334e-06
Ni07,33.150000000000006,2e-06
Ni07,33.25,1.6666666666666667e-06
Ni07,33.35,3.3333333333333335e-07
Sn07,25.75,3.3333333333333335e-07
Sn07,25.85,3.3333333333333335e-07
Sn07,25.950000000000003,3.3333333333333335e-07
Sn07,26.05,6.666666666666667e-07
Sn07,26.150000000000002,6.666666666666667e-07
Sn07,26.25,6.666666666666667e-07
Sn07,26.35,2.333333333333333e-06
Sn07,26.450000000000003,5.333333333333334e-06
Sn07,26.55,8.333333333333334e-06
Sn07,26.650000000000002,1.8666666666666665e-05
Sn07,26.75,2.7333333333333335e-05
Sn07,26.85,4.766666666666667e-05
Sn07,26.950000000000003,8.566666666666667e-05
Sn07,27.05,0.00013366666666666667
Sn07,27.150000000000002,0.000204
Sn07,27.25,0.00033
Sn07,27.35,0.0004823333333333333
Sn07,27.450000000000003,0.0007346666666666667
Sn07,27.55,0.0011023333333333334
Sn07,27.650000000000002,0.0015483333333333334
Sn07,27.75,0.0022366666666666668
Sn07,27.85,0.0030673333333333334
Sn07,27.950000000000003,0.004155333333333333
Sn07,28.05,0.005528333333333333
Sn07,28.150000000000002,0.00734
Sn07,28.25,0.009433
Sn07,28.35,0.011975
Sn07,28.450000000000003,0.014985
Sn07,28.55,0.018408
Sn07,28.650000000000002,0.022076
Sn07,28.75,0.026603333333333333
Sn07,28.85,0.030930666666666665
Sn07,28.950000000000003,0.035449666666666664
Sn07,29.05,0.039589
Sn07,29.150000000000002,0.043699666666666664
Sn07,29.25,0.04716133333333333
Sn07,29.35,0.05040733333333333
Sn07,29.450000000000003,0.052566666666666664
Sn07,29.55,0.053776
Sn07,29.650000000000002,0.054841666666666664
Sn07,29.75,0.05419966666666667
Sn07,29.85,0.052421333333333334
Sn07,29.950000000000003,0.04953433333333333
Sn07,30.05,0.046482666666666665
Sn07,30.150000000000002,0.042424333333333335
Sn07,30.25,0.03813
Sn07,30.35,0.033682
Sn07,30.450000000000003,0.029320666666666665
Sn07,30.55,0.024882
Sn07,30.650000000000002,0.020362
Sn07,30.75,0.01687666666666667
Sn07,30.85,0.013287666666666666
Sn07,30.950000000000003,0.010466666666666668
Sn07,31.05,0.008099
Sn07,31.150000000000002,0.006105666666666666
Sn07,31.25,0.004513
Sn07,31.35,0.0032853333333333332
Sn07,31.450000000000003,0.0022993333333333334
Sn07,31.55,0.0016073333333333332
Sn07,31.650000000000002,0.001083
Sn07,31.75,0.0007403333333333333
Sn07,31.85,0.00047966666666666665
Sn07,31.950000000000003,0.0003133333333333333
Sn07,32.05,0.000186
Sn07,32.150000000000006,0.00011
Sn07,32.25,6.2e-05
Sn07,32.35,3.9666666666666664e-05
Sn07,32.45,1.9e-05
Sn07,32.55,1.1333333333333334e-05
Sn07,32.650000000000006,3.6666666666666666e-06
Sn07,32.75,4e-06
Sn07,32.85,2.666666666666667e-06
Sn07,32.95,1e-06
Sn07,33.05,6.666666666666667e-07
Sn07,33.150000000000006,3.3333333333333335e-07
Ta07,25.450000000000003,3.3333333333333335e-07
Ta07,25.55,3.3333333333333335e-07
Ta07,25.650000000000002,0.0
Ta07,25.75,1e-06
Ta07,25.85,6.666666666666667e-07
Ta07,25.950000000000003,0.0
Ta07,26.05,2.333333333333333e-06
Ta07,26.150000000000002,3.3333333333333333e-06
Ta07,26.25,8.333333333333334e-06
Ta07,26.35,1.3666666666666667e-05
Ta07,26.450000000000003,2.2666666666666668e-05
Ta07,26.55,4.3e-05
Ta07,26.650000000000002,7.133333333333334e-05
Ta07,26.75,0.00010733333333333333
Ta07,26.85,0.00018633333333333333
Ta07,26.950000000000003,0.000272
Ta07,27.05,0.000421
Ta07,27.150000000000002,0.0006353333333333333
Ta07,27.25,0.0009426666666666666
Ta07,27.35,0.0013666666666666666
Ta07,27.450000000000003,0.0019313333333333333
Ta07,27.55,0.0027383333333333335
Ta07,27.650000000000002,0.0036393333333333334
Ta07,27.75,0.004993333333333333
Ta07,27.85,0.006490333333333333
Ta07,27.950000000000003,0.008466
Ta07,28.05,0.010869333333333333
Ta07,28.150000000000002,0.013708666666666666
Ta07,28.25,0.016778333333333333
Ta07,28.35,0.020387666666666665
Ta07,28.450000000000003,0.024565666666666666
Ta07,28.55,0.028588666666666665
Ta07,28.650000000000002,0.03334733333333333
Ta07,28.75,0.037777333333333336
Ta07,28.85,0.04162866666666667
Ta07,28.950000000000003,0.04552433333333333
Ta07,29.05,0.048783
Ta07,29.150000000000002,0.051315
Ta07,29.25,0.053192333333333335
Ta07,29.35,0.054477
Ta07,29.450000000000003,0.054059333333333334
Ta07,29.55,0.052816666666666665
Ta07,29.650000000000002,0.051110666666666665
Ta07,29.75,0.04784566666666667
Ta07,29.85,0.044142
Ta07,29.950000000000003,0.04024433333333333
Ta07,30.05,0.035854
Ta07,30.150000000000002,0.031235
Ta07,30.25,0.026946
Ta07,30.35,0.022652666666666668
Ta07,30.450000000000003,0.018770666666666668
Ta07,30.55,0.014967666666666667
Ta07,30.650000000000002,0.011826
Ta07,30.75,0.009268333333333333
Ta07,30.85,0.007085
Ta07,30.950000000000003,0.005315333333333333
Ta07,31.05,0.003914
Ta07,31.150000000000002,0.0027836666666666665
Ta07,31.25,0.001961
Ta07,31.35,0.0013653333333333334
Ta07,31.450000000000003,0.0009253333333333333
Ta07,31.55,0.000611
Ta07,31.650000000000002,0.000395
Ta07,31.75,0.00025133333333333333
Ta07,31.85,0.000151
Ta07,31.950000000000003,9e-05
Ta07,32.05,5.0333333333333335e-05
Ta07,32.150000000000006,2.9e-05
Ta07,32.25,1.5e-05
Ta07,32.35,9.333333333333333e-06
Ta07,32.45,3e-06
Ta07,32.55,2e-06
Ta07,32.650000000000006,2.333333333333333e-06
Ta07,32.75,1.3333333333333334e-06
Ta07,32.85,3.3333333333333335e-07
Cu07,25.150000000000002,3.3333333333333335e-07
Cu07,25.25,3.3333333333333335e-07
Cu07,25.35,0.0
Cu07,25.450000000000003,1e-06
Cu07,25.55,0.0
Cu07,25.650000000000002,6.666666666666667e-07
Cu07,25.75,2.333333333333333e-06
Cu07,25.85,3.3333333333333333e-06
Cu07,25.950000000000003,6.666666666666667e-06
Cu07,26.05,1.2333333333333333e-05
Cu07,26.150000000000002,2.1333333333333335e-05
Cu07,26.25,3.9e-05
Cu07,26.35,6.266666666666667e-05
Cu07,26.450000000000003,9.733333333333333e-05
Cu07,26.55,0.00017066666666666668
Cu07,26.650000000000002,0.0002483333333333333
Cu07,26.75,0.0003803333333333333
Cu07,26.85,0.0005906666666666666
Cu07,26.950000000000003,0.0008386666666666667
Cu07,27.05,0.0012393333333333334
Cu07,27.150000000000002,0.0017806666666666667
Cu07,27.25,0.0024853333333333333
Cu07,27.35,0.003383
Cu07,27.450000000000003,0.004524
Cu07,27.55,0.005966
Cu07,27.650000000000002,0.007783666666666667
Cu07,27.75,0.010098
Cu07,27.85,0.012524333333333333
Cu07,27.950000000000003,0.015638
Cu07,28.05,0.019036
Cu07,28.150000000000002,0.022727333333333332
Cu07,28.25,0.027268666666666667
Cu07,28.35,0.031412
Cu07,28.450000000000003,0.035887333333333334
Cu07,28.55,0.039771666666666664
Cu07,28.650000000000002,0.04366933333333333
Cu07,28.75,0.047119
Cu07,28.85,0.05001133333333333
Cu07,28.950000000000003,0.05219533333333334
Cu07,29.05,0.053705
Cu07,29.150000000000002,0.05351633333333333
Cu07,29.25,0.05340166666666667
Cu07,29.35,0.051646333333333336
Cu07,29.450000000000003,0.048635
Cu07,29.55,0.045731
Cu07,29.650000000000002,0.041697333333333336
Cu07,29.75,0.037539666666666666
Cu07,29.85,0.033184333333333337
Cu07,29.950000000000003,0.028949666666666665
Cu07,30.05,0.024623
Cu07,30.150000000000002,0.020237
Cu07,30.25,0.016773666666666666
Cu07,30.35,0.013266666666666666
Cu07,30.450000000000003,0.010526666666666667
Cu07,30.55,0.008132666666666667
Cu07,30.650000000000002,0.006185666666666667
Cu07,30.75,0.0046036666666666665
Cu07,30.85,0.003377
Cu07,30.950000000000003,0.002350333333333333
Cu07,31.05,0.0016853333333333334
Cu07,31.150000000000002,0.0011186666666666667
Cu07,31.25,0.000783
Cu07,31.35,0.000513
Cu07,31.450000000000003,0.0003336666666666667
Cu07,31.55,0.00020233333333333334
Cu07,31.650000000000002,0.00012266666666666668
Cu07,31.75,7e-05
Cu07,31.85,4.3e-05
Cu07,31.950000000000003,2.2666666666666668e-05
Cu07,32.05,1.0666666666666667e-05
Cu07,32.150000000000006,7e-06
Cu07,32.25,4.333333333333333e-06
Cu07,32.35,2e-06
Cu07,32.45,1e-06
Cu07,32.55,1.3333333333333334e-06
Cu07,32.650000000000006,3.3333333333333335e-07
