name,energy,flux
Ni01,52.650000000000006,3.3333333333333335e-05
Ni01,52.75,3.3333333333333335e-05
Ni01,52.85000000000001,6.666666666666667e-05
Ni01,52.95,0.00013333333333333334
Ni01,53.05,0.0003333333333333333
Ni01,53.150000000000006,0.0007
Ni01,53.25,0.0011333333333333334
Ni01,53.35000000000001,0.0016666666666666668
Ni01,53.45,0.0022
Ni01,53.55,0.0035666666666666668
Ni01,53.650000000000006,0.0058
Ni01,53.75,0.008566666666666667
Ni01,53.85000000000001,0.0117
Ni01,53.95,0.015566666666666666
Ni01,54.05,0.020933333333333335
Ni01,54.150000000000006,0.0268
Ni01,54.25,0.035133333333333336
Ni01,54.35000000000001,0.04446666666666667
Ni01,54.45,0.05173333333333333
Ni01,54.55,0.0573
Ni01,54.650000000000006,0.0625
Ni01,54.75,0.0675
Ni01,54.85000000000001,0.07176666666666667
Ni01,54.95,0.07263333333333333
Ni01,55.05,0.06993333333333333
Ni01,55.150000000000006,0.06383333333333334
Ni01,55.25,0.0576
Ni01,55.35000000000001,0.0508
Ni01,55.45,0.044866666666666666
Ni01,55.55,0.03886666666666667
Ni01,55.650000000000006,0.0314
Ni01,55.75,0.0235
Ni01,55.85000000000001,0.016666666666666666
Ni01,55.95,0.013133333333333334
Ni01,56.05,0.0094
Ni01,56.150000000000006,0.006466666666666667
Ni01,56.25,0.003966666666666667
Ni01,56.35000000000001,0.0025666666666666667
Ni01,56.45,0.0016333333333333334
Ni01,56.55,0.0011333333333333334
Ni01,56.650000000000006,0.0008
Ni01,56.75,0.0005333333333333334
Ni01,56.85000000000001,0.0003
Ni01,56.95,0.00023333333333333333
Ni01,57.05,6.666666666666667e-05
Ni01,57.150000000000006,3.3333333333333335e-05
Sn01,52.45,3.3333333333333335e-05
Sn01,52.55,3.3333333333333335e-05
Sn01,52.650000000000006,0.0001
Sn01,52.75,0.00016666666666666666
Sn01,52.85000000000001,0.0005
Sn01,52.95,0.0008666666666666666
Sn01,53.05,0.0011
Sn01,53.150000000000006,0.0016333333333333334
Sn01,53.25,0.0027333333333333333
Sn01,53.35000000000001,0.004233333333333334
Sn01,53.45,0.006266666666666667
Sn01,53.55,0.009066666666666667
Sn01,53.650000000000006,0.012266666666666667
Sn01,53.75,0.017366666666666666
Sn01,53.85000000000001,0.020933333333333335
Sn01,53.95,0.029266666666666667
Sn01,54.05,0.0364
Sn01,54.150000000000006,0.045566666666666665
Sn01,54.25,0.05176666666666667
Sn01,54.35000000000001,0.05896666666666667
Sn01,54.45,0.0618
Sn01,54.55,0.06816666666666667
Sn01,54.650000000000006,0.0717
Sn01,54.75,0.0701
Sn01,54.85000000000001,0.0695
Sn01,54.95,0.06343333333333333
Sn01,55.05,0.055433333333333334
Sn01,55.150000000000006,0.049633333333333335
Sn01,55.25,0.04476666666666667
Sn01,55.35000000000001,0.037033333333333335
Sn01,55.45,0.030333333333333334
Sn01,55.55,0.023133333333333332
Sn01,55.650000000000006,0.016666666666666666
Sn01,55.75,0.012466666666666666
Sn01,55.85000000000001,0.009133333333333334
Sn01,55.95,0.006233333333333333
Sn01,56.05,0.004
Sn01,56.150000000000006,0.002533333333333333
Sn01,56.25,0.0016333333333333334
Sn01,56.35000000000001,0.0011
Sn01,56.45,0.0007666666666666667
Sn01,56.55,0.0005
Sn01,56.650000000000006,0.0003
Sn01,56.75,0.0002666666666666667
Sn01,56.85000000000001,6.666666666666667e-05
Sn01,56.95,3.3333333333333335e-05
Ta01,52.25,3.3333333333333335e-05
Ta01,52.35000000000001,3.3333333333333335e-05
Ta01,52.45,6.666666666666667e-05
Ta01,52.55,0.00016666666666666666
Ta01,52.650000000000006,0.0004333333333333333
Ta01,52.75,0.0008666666666666666
Ta01,52.85000000000001,0.0012333333333333332
Ta01,52.95,0.0017333333333333333
Ta01,53.05,0.0023666666666666667
Ta01,53.150000000000006,0.003833333333333333
Ta01,53.25,0.0066
Ta01,53.35000000000001,0.0093
Ta01,53.45,0.012433333333333333
Ta01,53.55,0.0164
Ta01,53.650000000000006,0.0217
Ta01,53.75,0.0287
Ta01,53.85000000000001,0.035866666666666665
Ta01,53.95,0.0478
Ta01,54.05,0.05143333333333333
Ta01,54.150000000000006,0.05876666666666667
Ta01,54.25,0.06306666666666666
Ta01,54.35000000000001,0.06793333333333333
Ta01,54.45,0.07156666666666667
Ta01,54.55,0.07243333333333334
Ta01,54.650000000000006,0.0695
Ta01,54.75,0.062033333333333336
Ta01,54.85000000000001,0.0564
Ta01,54.95,0.0504
Ta01,55.05,0.04276666666666667
Ta01,55.150000000000006,0.0377
Ta01,55.25,0.030266666666666667
Ta01,55.35000000000001,0.022
Ta01,55.45,0.016233333333333332
Ta01,55.55,0.012333333333333333
Ta01,55.650000000000006,0.009133333333333334
Ta01,55.75,0.0057666666666666665
Ta01,55.85000000000001,0.003933333333333333
Ta01,55.95,0.0023
Ta01,56.05,0.0014666666666666667
Ta01,56.150000000000006,0.0012333333333333332
Ta01,56.25,0.0006666666666666666
Ta01,56.35000000000001,0.00046666666666666666
Ta01,56.45,0.0003333333333333333
Ta01,56.55,0.0002
Ta01,56.650000000000006,6.666666666666667e-05
Ta01,56.75,3.3333333333333335e-05
Cu01,52.05,3.3333333333333335e-05
Cu01,52.150000000000006,3.3333333333333335e-05
Cu01,52.25,6.666666666666667e-05
Cu01,52.35000000000001,0.00013333333333333334
Cu01,52.45,0.0002666666666666667
Cu01,52.55,0.0008
Cu01,52.650000000000006,0.0011333333333333334
Cu01,52.75,0.0015
Cu01,52.85000000000001,0.0022333333333333333
Cu01,52.95,0.003266666666666667
Cu01,53.05,0.005833333333333334
Cu01,53.150000000000006,0.008
Cu01,53.25,0.011366666666666667
Cu01,53.35000000000001,0.0151
Cu01,53.45,0.019766666666666665
Cu01,53.55,0.025833333333333333
Cu01,53.650000000000006,0.0337
Cu01,53.75,0.0431
Cu01,53.85000000000001,0.050833333333333335
Cu01,53.95,0.05686666666666667
Cu01,54.05,0.06113333333333333
Cu01,54.150000000000006,0.06626666666666667
Cu01,54.25,0.06983333333333333
Cu01,54.35000000000001,0.0722
Cu01,54.45,0.07156666666666667
Cu01,54.55,0.06423333333333334
Cu01,54.650000000000006,0.0585
Cu01,54.75,0.05196666666666667
Cu01,54.85000000000001,0.0451
Cu01,54.95,0.040433333333333335
Cu01,55.05,0.0324
Cu01,55.150000000000006,0.0252
Cu01,55.25,0.0179
Cu01,55.35000000000001,0.013866666666666666
Cu01,55.45,0.0098
Cu01,55.55,0.0072
Cu01,55.650000000000006,0.004266666666666667
Cu01,55.75,0.0028333333333333335
Cu01,55.85000000000001,0.0019666666666666665
Cu01,55.95,0.0011666666666666668
Cu01,56.05,0.0009333333333333333
Cu01,56.150000000000006,0.0005333333333333334
Cu01,56.25,0.0004333333333333333
Cu01,56.35000000000001,0.0002666666666666667
Cu01,56.45,0.0001
Cu01,56.55,3.3333333333333335e-05
Al_degrader_A1,51.55,3.3333333333333335e-05
Al_degrader_A1,51.650000000000006,0.0
Al_degrader_A1,51.75,3.3333333333333335e-05
Al_degrader_A1,51.85000000000001,0.00016666666666666666
Al_degrader_A1,51.95,0.0002666666666666667
Al_degrader_A1,52.05,0.0005333333333333334
Al_degrader_A1,52.150000000000006,0.0005666666666666667
Al_degrader_A1,52.25,0.0010666666666666667
Al_degrader_A1,52.35000000000001,0.0017333333333333333
Al_degrader_A1,52.45,0.0024
Al_degrader_A1,52.55,0.004333333333333333
Al_degrader_A1,52.650000000000006,0.0055
Al_degrader_A1,52.75,0.0081
Al_degrader_A1,52.85000000000001,0.010933333333333333
Al_degrader_A1,52.95,0.0141
Al_degrader_A1,53.05,0.019833333333333335
Al_degrader_A1,53.150000000000006,0.025333333333333333
Al_degrader_A1,53.25,0.03123333333333333
Al_degrader_A1,53.35000000000001,0.03766666666666667
Al_degrader_A1,53.45,0.04393333333333333
Al_degrader_A1,53.55,0.05126666666666667
Al_degrader_A1,53.650000000000006,0.055466666666666664
Al_degrader_A1,53.75,0.06336666666666667
Al_degrader_A1,53.85000000000001,0.06483333333333334
Al_degrader_A1,53.95,0.06503333333333333
Al_degrader_A1,54.05,0.06576666666666667
Al_degrader_A1,54.150000000000006,0.06383333333333334
Al_degrader_A1,54.25,0.059333333333333335
Al_degrader_A1,54.35000000000001,0.055733333333333336
Al_degrader_A1,54.45,0.05046666666666667
Al_degrader_A1,54.55,0.041166666666666664
Al_degrader_A1,54.650000000000006,0.036533333333333334
Al_degrader_A1,54.75,0.030533333333333332
Al_degrader_A1,54.85000000000001,0.023233333333333335
Al_degrader_A1,54.95,0.0197
Al_degrader_A1,55.05,0.0137
Al_degrader_A1,55.150000000000006,0.0102
Al_degrader_A1,55.25,0.0071333333333333335
Al_degrader_A1,55.35000000000001,0.0053
Al_degrader_A1,55.45,0.0035
Al_degrader_A1,55.55,0.0020666666666666667
Al_degrader_A1,55.650000000000006,0.0014333333333333333
Al_degrader_A1,55.75,0.0009333333333333333
Al_degrader_A1,55.85000000000001,0.0006666666666666666
Al_degrader_A1,55.95,0.0005333333333333334
Al_degrader_A1,56.05,0.0002
Al_degrader_A1,56.150000000000006,0.0001
Al_degrader_A1,56.25,0.00016666666666666666
Al_degrader_A1,56.35000000000001,3.3333333333333335e-05
Ni02,51.35000000000001,3.3333333333333335e-05
Ni02,51.45,3.3333333333333335e-05
Ni02,51.55,6.666666666666667e-05
Ni02,51.650000000000006,0.00013333333333333334
Ni02,51.75,0.00036666666666666667
Ni02,51.85000000000001,0.0008
Ni02,51.95,0.0012
Ni02,52.05,0.0016
Ni02,52.150000000000006,0.0021666666666666666
Ni02,52.25,0.0036
Ni02,52.35000000000001,0.0058
Ni02,52.45,0.008566666666666667
Ni02,52.55,0.011533333333333333
Ni02,52.650000000000006,0.015066666666666667
Ni02,52.75,0.019966666666666667
Ni02,52.85000000000001,0.025733333333333334
Ni02,52.95,0.03403333333333333
Ni02,53.05,0.0431
Ni02,53.150000000000006,0.0497
Ni02,53.25,0.0564
Ni02,53.35000000000001,0.060866666666666666
Ni02,53.45,0.06543333333333333
Ni02,53.55,0.0692
Ni02,53.650000000000006,0.07076666666666667
Ni02,53.75,0.07056666666666667
Ni02,53.85000000000001,0.06453333333333333
Ni02,53.95,0.05793333333333334
Ni02,54.05,0.05216666666666667
Ni02,54.150000000000006,0.045533333333333335
Ni02,54.25,0.04003333333333333
Ni02,54.35000000000001,0.0332
Ni02,54.45,0.025633333333333334
Ni02,54.55,0.0185
Ni02,54.650000000000006,0.014266666666666667
Ni02,54.75,0.010666666666666666
Ni02,54.85000000000001,0.007233333333333333
Ni02,54.95,0.0048
Ni02,55.05,0.0028666666666666667
Ni02,55.150000000000006,0.0019666666666666665
Ni02,55.25,0.0014
Ni02,55.35000000000001,0.0010666666666666667
Ni02,55.45,0.0005666666666666667
Ni02,55.55,0.00036666666666666667
Ni02,55.650000000000006,0.0002666666666666667
Ni02,55.75,0.00023333333333333333
Ni02,55.85000000000001,3.3333333333333335e-05
Sn02,51.05,3.3333333333333335e-05
Sn02,51.150000000000006,0.0
Sn02,51.25,3.3333333333333335e-05
Sn02,51.35000000000001,0.00013333333333333334
Sn02,51.45,0.0002
Sn02,51.55,0.0005333333333333334
Sn02,51.650000000000006,0.0008666666666666666
Sn02,51.75,0.0012666666666666666
Sn02,51.85000000000001,0.0018
Sn02,51.95,0.0025666666666666667
Sn02,52.05,0.0044
Sn02,52.150000000000006,0.006266666666666667
Sn02,52.25,0.0089
Sn02,52.35000000000001,0.0123
Sn02,52.45,0.017033333333333334
Sn02,52.55,0.020466666666666668
Sn02,52.650000000000006,0.028766666666666666
Sn02,52.75,0.03503333333333333
Sn02,52.85000000000001,0.04343333333333333
Sn02,52.95,0.0512
Sn02,53.05,0.05636666666666667
Sn02,53.150000000000006,0.0611
Sn02,53.25,0.06616666666666667
Sn02,53.35000000000001,0.06986666666666666
Sn02,53.45,0.0702
Sn02,53.55,0.06813333333333334
Sn02,53.650000000000006,0.0625
Sn02,53.75,0.05736666666666667
Sn02,53.85000000000001,0.0505
Sn02,53.95,0.045033333333333335
Sn02,54.05,0.03886666666666667
Sn02,54.150000000000006,0.0313
Sn02,54.25,0.025
Sn02,54.35000000000001,0.018033333333333332
Sn02,54.45,0.014166666666666666
Sn02,54.55,0.009833333333333333
Sn02,54.650000000000006,0.007
Sn02,54.75,0.0048
Sn02,54.85000000000001,0.0028333333333333335
Sn02,54.95,0.0018666666666666666
Sn02,55.05,0.0013333333333333333
Sn02,55.150000000000006,0.001
Sn02,55.25,0.0006333333333333333
Sn02,55.35000000000001,0.0004
Sn02,55.45,0.00023333333333333333
Sn02,55.55,0.00016666666666666666
Sn02,55.650000000000006,3.3333333333333335e-05
Sn02,55.75,3.3333333333333335e-05
Ta02,50.95,3.3333333333333335e-05
Ta02,51.05,6.666666666666667e-05
Ta02,51.150000000000006,6.666666666666667e-05
Ta02,51.25,0.0002
Ta02,51.35000000000001,0.0005
Ta02,51.45,0.0009
Ta02,51.55,0.0013666666666666666
Ta02,51.650000000000006,0.0017333333333333333
Ta02,51.75,0.0024666666666666665
Ta02,51.85000000000001,0.004033333333333333
Ta02,51.95,0.006666666666666667
Ta02,52.05,0.009133333333333334
Ta02,52.150000000000006,0.0128
Ta02,52.25,0.015966666666666667
Ta02,52.35000000000001,0.021433333333333332
Ta02,52.45,0.0283
Ta02,52.55,0.034633333333333335
Ta02,52.650000000000006,0.04683333333333333
Ta02,52.75,0.050633333333333336
Ta02,52.85000000000001,0.05676666666666667
Ta02,52.95,0.061766666666666664
Ta02,53.05,0.0664
Ta02,53.150000000000006,0.06933333333333333
Ta02,53.25,0.07146666666666666
Ta02,53.35000000000001,0.0689
Ta02,53.45,0.06263333333333333
Ta02,53.55,0.05653333333333333
Ta02,53.650000000000006,0.050166666666666665
Ta02,53.75,0.044033333333333334
Ta02,53.85000000000001,0.0386
Ta02,53.95,0.031566666666666666
Ta02,54.05,0.024233333333333332
Ta02,54.150000000000006,0.017433333333333332
Ta02,54.25,0.013333333333333334
Ta02,54.35000000000001,0.009666666666666667
Ta02,54.45,0.006966666666666667
Ta02,54.55,0.004266666666666667
Ta02,54.650000000000006,0.0027333333333333333
Ta02,54.75,0.0019333333333333333
Ta02,54.85000000000001,0.0011333333333333334
Ta02,54.95,0.0009666666666666667
Ta02,55.05,0.0005
Ta02,55.150000000000006,0.0004
Ta02,55.25,0.00036666666666666667
Ta02,55.35000000000001,0.0001
Ta02,55.45,3.3333333333333335e-05
Cu02,50.75,3.3333333333333335e-05
Cu02,50.85000000000001,3.3333333333333335e-05
Cu02,50.95,6.666666666666667e-05
Cu02,51.05,0.00016666666666666666
Cu02,51.150000000000006,0.0004
Cu02,51.25,0.0008333333333333334
Cu02,51.35000000000001,0.0011666666666666668
Cu02,51.45,0.0016
Cu02,51.55,0.0021666666666666666
Cu02,51.650000000000006,0.0037
Cu02,51.75,0.0057
Cu02,51.85000000000001,0.008533333333333334
Cu02,51.95,0.011433333333333334
Cu02,52.05,0.015133333333333334
Cu02,52.150000000000006,0.019966666666666667
Cu02,52.25,0.025733333333333334
Cu02,52.35000000000001,0.03336666666666667
Cu02,52.45,0.0426
Cu02,52.55,0.0492
Cu02,52.650000000000006,0.055766666666666666
Cu02,52.75,0.0598
Cu02,52.85000000000001,0.06563333333333334
Cu02,52.95,0.06763333333333334
Cu02,53.05,0.07056666666666667
Cu02,53.150000000000006,0.07036666666666666
Cu02,53.25,0.06496666666666667
Cu02,53.35000000000001,0.05793333333333334
Cu02,53.45,0.051533333333333334
Cu02,53.55,0.04633333333333333
Cu02,53.650000000000006,0.040466666666666665
Cu02,53.75,0.03353333333333333
Cu02,53.85000000000001,0.026933333333333333
Cu02,53.95,0.018933333333333333
Cu02,54.05,0.0146
Cu02,54.150000000000006,0.011
Cu02,54.25,0.0078
Cu02,54.35000000000001,0.005
Cu02,54.45,0.0033
Cu02,54.55,0.0019333333333333333
Cu02,54.650000000000006,0.0014333333333333333
Cu02,54.75,0.0011333333333333334
Cu02,54.85000000000001,0.0005333333333333334
Cu02,54.95,0.00046666666666666666
Cu02,55.05,0.0002666666666666667
Cu02,55.150000000000006,0.0002
Cu02,55.25,0.0001
Al_degrader_B2,50.35000000000001,3.3333333333333335e-05
Al_degrader_B2,50.45,0.0
Al_degrader_B2,50.55,6.666666666666667e-05
Al_degrader_B2,50.650000000000006,0.0001
Al_degrader_B2,50.75,0.00023333333333333333
Al_degrader_B2,50.85000000000001,0.0005333333333333334
Al_degrader_B2,50.95,0.0007333333333333333
Al_degrader_B2,51.05,0.0010666666666666667
Al_degrader_B2,51.150000000000006,0.0016666666666666668
Al_degrader_B2,51.25,0.0027
Al_degrader_B2,51.35000000000001,0.003966666666666667
Al_degrader_B2,51.45,0.005666666666666667
Al_degrader_B2,51.55,0.007833333333333333
Al_degrader_B2,51.650000000000006,0.011
Al_degrader_B2,51.75,0.015133333333333334
Al_degrader_B2,51.85000000000001,0.018333333333333333
Al_degrader_B2,51.95,0.026533333333333332
Al_degrader_B2,52.05,0.0308
Al_degrader_B2,52.150000000000006,0.04006666666666667
Al_degrader_B2,52.25,0.0443
Al_degrader_B2,52.35000000000001,0.05446666666666666
Al_degrader_B2,52.45,0.0578
Al_degrader_B2,52.55,0.0627
Al_degrader_B2,52.650000000000006,0.06586666666666667
Al_degrader_B2,52.75,0.06806666666666666
Al_degrader_B2,52.85000000000001,0.0673
Al_degrader_B2,52.95,0.06306666666666666
Al_degrader_B2,53.05,0.060533333333333335
Al_degrader_B2,53.150000000000006,0.0547
Al_degrader_B2,53.25,0.047233333333333336
Al_degrader_B2,53.35000000000001,0.0426
Al_degrader_B2,53.45,0.0341
Al_degrader_B2,53.55,0.0292
Al_degrader_B2,53.650000000000006,0.0235
Al_degrader_B2,53.75,0.0169
Al_degrader_B2,53.85000000000001,0.012666666666666666
Al_degrader_B2,53.95,0.009166666666666667
Al_degrader_B2,54.05,0.0068
Al_degrader_B2,54.150000000000006,0.0041333333333333335
Al_degrader_B2,54.25,0.003
Al_degrader_B2,54.35000000000001,0.0018333333333333333
Al_degrader_B2,54.45,0.0014333333333333333
Al_degrader_B2,54.55,0.0007333333333333333
Al_degrader_B2,54.650000000000006,0.0006
Al_degrader_B2,54.75,0.0004333333333333333
Al_degrader_B2,54.85000000000001,0.00013333333333333334
Al_degrader_B2,54.95,0.0002
Al_degrader_B2,55.05,3.3333333333333335e-05
Al_degrader_B2,55.150000000000006,3.3333333333333335e-05
Ni03,50.150000000000006,3.3333333333333335e-05
Ni03,50.25,3.3333333333333335e-05
Ni03,50.35000000000001,6.666666666666667e-05
Ni03,50.45,0.00013333333333333334
Ni03,50.55,0.0002666666666666667
Ni03,50.650000000000006,0.0007
Ni03,50.75,0.0011333333333333334
Ni03,50.85000000000001,0.0014333333333333333
Ni03,50.95,0.0019666666666666665
Ni03,51.05,0.003033333333333333
Ni03,51.150000000000006,0.004866666666666667
Ni03,51.25,0.007233333333333333
Ni03,51.35000000000001,0.009866666666666666
Ni03,51.45,0.012933333333333333
Ni03,51.55,0.0176
Ni03,51.650000000000006,0.0224
Ni03,51.75,0.029866666666666666
Ni03,51.85000000000001,0.037333333333333336
Ni03,51.95,0.046566666666666666
Ni03,52.05,0.05156666666666666
Ni03,52.150000000000006,0.057833333333333334
Ni03,52.25,0.06113333333333333
Ni03,52.35000000000001,0.06643333333333333
Ni03,52.45,0.06923333333333333
Ni03,52.55,0.07026666666666667
Ni03,52.650000000000006,0.06706666666666666
Ni03,52.75,0.06143333333333333
Ni03,52.85000000000001,0.0551
Ni03,52.95,0.0489
Ni03,53.05,0.0434
Ni03,53.150000000000006,0.037366666666666666
Ni03,53.25,0.0306
Ni03,53.35000000000001,0.0236
Ni03,53.45,0.016866666666666665
Ni03,53.55,0.012933333333333333
Ni03,53.650000000000006,0.009666666666666667
Ni03,53.75,0.006666666666666667
Ni03,53.85000000000001,0.004166666666666667
Ni03,53.95,0.0028
Ni03,54.05,0.0019333333333333333
Ni03,54.150000000000006,0.0011666666666666668
Ni03,54.25,0.0009666666666666667
Ni03,54.35000000000001,0.0005333333333333334
Ni03,54.45,0.0004
Ni03,54.55,0.0003333333333333333
Ni03,54.650000000000006,0.00013333333333333334
Ni03,54.75,3.3333333333333335e-05
Sn03,49.95,3.3333333333333335e-05
Sn03,50.05,3.3333333333333335e-05
Sn03,50.150000000000006,0.0001
Sn03,50.25,0.00016666666666666666
Sn03,50.35000000000001,0.0004333333333333333
Sn03,50.45,0.0008
Sn03,50.55,0.0010333333333333334
Sn03,50.650000000000006,0.0017
Sn03,50.75,0.0023333333333333335
Sn03,50.85000000000001,0.003266666666666667
Sn03,50.95,0.005733333333333333
Sn03,51.05,0.008
Sn03,51.150000000000006,0.010933333333333333
Sn03,51.25,0.0143
Sn03,51.35000000000001,0.018666666666666668
Sn03,51.45,0.024433333333333335
Sn03,51.55,0.031466666666666664
Sn03,51.650000000000006,0.0393
Sn03,51.75,0.046966666666666664
Sn03,51.85000000000001,0.0533
Sn03,51.95,0.05896666666666667
Sn03,52.05,0.0616
Sn03,52.150000000000006,0.06716666666666667
Sn03,52.25,0.06733333333333333
Sn03,52.35000000000001,0.06963333333333334
Sn03,52.45,0.0645
Sn03,52.55,0.0608
Sn03,52.650000000000006,0.053533333333333336
Sn03,52.75,0.047233333333333336
Sn03,52.85000000000001,0.0428
Sn03,52.95,0.0353
Sn03,53.05,0.029166666666666667
Sn03,53.150000000000006,0.022233333333333334
Sn03,53.25,0.0168
Sn03,53.35000000000001,0.012233333333333334
Sn03,53.45,0.0093
Sn03,53.55,0.006333333333333333
Sn03,53.650000000000006,0.0042
Sn03,53.75,0.0027
Sn03,53.85000000000001,0.0017
Sn03,53.95,0.0011
Sn03,54.05,0.0009
Sn03,54.150000000000006,0.0007
Sn03,54.25,0.00036666666666666667
Sn03,54.35000000000001,0.00016666666666666666
Sn03,54.45,0.0002
Sn03,54.55,3.3333333333333335e-05
Ta03,49.75,3.3333333333333335e-05
Ta03,49.85000000000001,3.3333333333333335e-05
Ta03,49.95,6.666666666666667e-05
Ta03,50.05,0.00013333333333333334
Ta03,50.150000000000006,0.0004
Ta03,50.25,0.0008333333333333334
Ta03,50.35000000000001,0.0012
Ta03,50.45,0.0017
Ta03,50.55,0.0021
Ta03,50.650000000000006,0.0035666666666666668
Ta03,50.75,0.005566666666666667
Ta03,50.85000000000001,0.0083
Ta03,50.95,0.011133333333333334
Ta03,51.05,0.014566666666666667
Ta03,51.150000000000006,0.019266666666666668
Ta03,51.25,0.024133333333333333
Ta03,51.35000000000001,0.03213333333333333
Ta03,51.45,0.0404
Ta03,51.55,0.04886666666666667
Ta03,51.650000000000006,0.053766666666666664
Ta03,51.75,0.0579
Ta03,51.85000000000001,0.06406666666666666
Ta03,51.95,0.06703333333333333
Ta03,52.05,0.06883333333333333
Ta03,52.150000000000006,0.0694
Ta03,52.25,0.06533333333333333
Ta03,52.35000000000001,0.0593
Ta03,52.45,0.052833333333333336
Ta03,52.55,0.047066666666666666
Ta03,52.650000000000006,0.04036666666666667
Ta03,52.75,0.036166666666666666
Ta03,52.85000000000001,0.029233333333333333
Ta03,52.95,0.0205
Ta03,53.05,0.015733333333333332
Ta03,53.150000000000006,0.011933333333333334
Ta03,53.25,0.009133333333333334
Ta03,53.35000000000001,0.005966666666666667
Ta03,53.45,0.0036666666666666666
Ta03,53.55,0.0024333333333333334
Ta03,53.650000000000006,0.0016666666666666668
Ta03,53.75,0.0010666666666666667
Ta03,53.85000000000001,0.0009333333333333333
Ta03,53.95,0.0004
Ta03,54.05,0.0004333333333333333
Ta03,54.150000000000006,0.0003
Ta03,54.25,6.666666666666667e-05
Ta03,54.35000000000001,3.3333333333333335e-05
Cu03,49.55,3.3333333333333335e-05
Cu03,49.650000000000006,3.3333333333333335e-05
Cu03,49.75,6.666666666666667e-05
Cu03,49.85000000000001,0.00013333333333333334
Cu03,49.95,0.0003
Cu03,50.05,0.0007333333333333333
Cu03,50.150000000000006,0.0011
Cu03,50.25,0.0015
Cu03,50.35000000000001,0.0021333333333333334
Cu03,50.45,0.0033666666666666667
Cu03,50.55,0.005
Cu03,50.650000000000006,0.007733333333333333
Cu03,50.75,0.010033333333333333
Cu03,50.85000000000001,0.0137
Cu03,50.95,0.018
Cu03,51.05,0.022466666666666666
Cu03,51.150000000000006,0.0305
Cu03,51.25,0.0377
Cu03,51.35000000000001,0.0463
Cu03,51.45,0.052066666666666664
Cu03,51.55,0.057833333333333334
Cu03,51.650000000000006,0.0615
Cu03,51.75,0.06556666666666666
Cu03,51.85000000000001,0.06913333333333334
Cu03,51.95,0.06933333333333333
Cu03,52.05,0.06726666666666667
Cu03,52.150000000000006,0.0597
Cu03,52.25,0.05503333333333333
Cu03,52.35000000000001,0.0484
Cu03,52.45,0.043
Cu03,52.55,0.0373
Cu03,52.650000000000006,0.030566666666666666
Cu03,52.75,0.023266666666666668
Cu03,52.85000000000001,0.0171
Cu03,52.95,0.0128
Cu03,53.05,0.009733333333333333
Cu03,53.150000000000006,0.0069
Cu03,53.25,0.0042
Cu03,53.35000000000001,0.0028
Cu03,53.45,0.0019333333333333333
Cu03,53.55,0.0012666666666666666
Cu03,53.650000000000006,0.001
Cu03,53.75,0.0005666666666666667
Cu03,53.85000000000001,0.00036666666666666667
Cu03,53.95,0.00023333333333333333
Cu03,54.05,0.0002666666666666667
Cu03,54.150000000000006,3.3333333333333335e-05
Al_degrader_C5,46.95,2e-05
Al_degrader_C5,47.05,0.0
Al_degrader_C5,47.150000000000006,0.0
Al_degrader_C5,47.25,6e-05
Al_degrader_C5,47.35000000000001,6e-05
Al_degrader_C5,47.45,0.00022
Al_degrader_C5,47.55,0.00028
Al_degrader_C5,47.650000000000006,0.0003
Al_degrader_C5,47.75,0.00046
Al_degrader_C5,47.85000000000001,0.00072
Al_degrader_C5,47.95,0.0011
Al_degrader_C5,48.05,0.00196
Al_degrader_C5,48.150000000000006,0.00226
Al_degrader_C5,48.25,0.00314
Al_degrader_C5,48.35000000000001,0.00406
Al_degrader_C5,48.45,0.00532
Al_degrader_C5,48.55,0.00676
Al_degrader_C5,48.650000000000006,0.00924
Al_degrader_C5,48.75,0.01108
Al_degrader_C5,48.85000000000001,0.01324
Al_degrader_C5,48.95,0.01394
Al_degrader_C5,49.05,0.0174
Al_degrader_C5,49.150000000000006,0.01844
Al_degrader_C5,49.25,0.02204
Al_degrader_C5,49.35000000000001,0.02448
Al_degrader_C5,49.45,0.026
Al_degrader_C5,49.55,0.02512
Al_degrader_C5,49.650000000000006,0.02676
Al_degrader_C5,49.75,0.02926
Al_degrader_C5,49.85000000000001,0.0287
Al_degrader_C5,49.95,0.03112
Al_degrader_C5,50.05,0.03252
Al_degrader_C5,50.150000000000006,0.03102
Al_degrader_C5,50.25,0.02978
Al_degrader_C5,50.35000000000001,0.03138
Al_degrader_C5,50.45,0.03074
Al_degrader_C5,50.55,0.03202
Al_degrader_C5,50.650000000000006,0.03346
Al_degrader_C5,50.75,0.03244
Al_degrader_C5,50.85000000000001,0.03032
Al_degrader_C5,50.95,0.03064
Al_degrader_C5,51.05,0.0299
Al_degrader_C5,51.150000000000006,0.032
Al_degrader_C5,51.25,0.03114
Al_degrader_C5,51.35000000000001,0.03128
Al_degrader_C5,51.45,0.02738
Al_degrader_C5,51.55,0.02666
Al_degrader_C5,51.650000000000006,0.0254
Al_degrader_C5,51.75,0.02444
Al_degrader_C5,51.85000000000001,0.02284
Al_degrader_C5,51.95,0.02094
Al_degrader_C5,52.05,0.0171
Al_degrader_C5,52.150000000000006,0.01438
Al_degrader_C5,52.25,0.01322
Al_degrader_C5,52.35000000000001,0.01058
Al_degrader_C5,52.45,0.00896
Al_degrader_C5,52.55,0.00766
Al_degrader_C5,52.650000000000006,0.005
Al_degrader_C5,52.75,0.00374
Al_degrader_C5,52.85000000000001,0.00316
Al_degrader_C5,52.95,0.0021
Al_degrader_C5,53.05,0.00156
Al_degrader_C5,53.150000000000006,0.0009
Al_degrader_C5,53.25,0.00062
Al_degrader_C5,53.35000000000001,0.00038
Al_degrader_C5,53.45,0.0003
Al_degrader_C5,53.55,0.0002
Al_degrader_C5,53.650000000000006,0.00014
Al_degrader_C5,53.75,4e-05
Al_degrader_C5,53.85000000000001,8e-05
Al_degrader_C5,53.95,2e-05
Al_degrader_C5,54.05,2e-05
Ni04,46.75,3.3333333333333335e-05
Ni04,46.85000000000001,3.3333333333333335e-05
Ni04,46.95,6.666666666666667e-05
Ni04,47.05,0.0001
Ni04,47.150000000000006,0.0002
Ni04,47.25,0.0005666666666666667
Ni04,47.35000000000001,0.001
Ni04,47.45,0.0012
Ni04,47.55,0.0017
Ni04,47.650000000000006,0.0024333333333333334
Ni04,47.75,0.0036666666666666666
Ni04,47.85000000000001,0.005966666666666667
Ni04,47.95,0.0083
Ni04,48.05,0.011066666666666667
Ni04,48.150000000000006,0.014133333333333333
Ni04,48.25,0.01863333333333333
Ni04,48.35000000000001,0.0237
Ni04,48.45,0.030333333333333334
Ni04,48.55,0.0372
Ni04,48.650000000000006,0.0454
Ni04,48.75,0.05003333333333333
Ni04,48.85000000000001,0.0557
Ni04,48.95,0.058866666666666664
Ni04,49.05,0.06383333333333334
Ni04,49.150000000000006,0.06633333333333333
Ni04,49.25,0.0672
Ni04,49.35000000000001,0.06466666666666666
Ni04,49.45,0.05926666666666667
Ni04,49.55,0.054
Ni04,49.650000000000006,0.0485
Ni04,49.75,0.043
Ni04,49.85000000000001,0.037566666666666665
Ni04,49.95,0.03136666666666667
Ni04,50.05,0.025566666666666668
Ni04,50.150000000000006,0.0186
Ni04,50.25,0.014366666666666666
Ni04,50.35000000000001,0.011066666666666667
Ni04,50.45,0.0082
Ni04,50.55,0.005333333333333333
Ni04,50.650000000000006,0.0035
Ni04,50.75,0.0023666666666666667
Ni04,50.85000000000001,0.0016
Ni04,50.95,0.0010666666666666667
Ni04,51.05,0.0008666666666666666
Ni04,51.150000000000006,0.0005
Ni04,51.25,0.0004
Ni04,51.35000000000001,0.0003
Ni04,51.45,0.00016666666666666666
Ni04,51.55,3.3333333333333335e-05
Sn04,46.45,3.3333333333333335e-05
Sn04,46.55,0.0
Sn04,46.650000000000006,3.3333333333333335e-05
Sn04,46.75,0.0001
Sn04,46.85000000000001,0.00016666666666666666
Sn04,46.95,0.0004
Sn04,47.05,0.0006333333333333333
Sn04,47.150000000000006,0.001
Sn04,47.25,0.0015666666666666667
Sn04,47.35000000000001,0.002
Sn04,47.45,0.0029333333333333334
Sn04,47.55,0.004933333333333333
Sn04,47.650000000000006,0.006466666666666667
Sn04,47.75,0.008866666666666667
Sn04,47.85000000000001,0.011866666666666666
Sn04,47.95,0.016233333333333332
Sn04,48.05,0.0195
Sn04,48.150000000000006,0.0267
Sn04,48.25,0.032766666666666666
Sn04,48.35000000000001,0.04
Sn04,48.45,0.045233333333333334
Sn04,48.55,0.05156666666666666
Sn04,48.650000000000006,0.05723333333333333
Sn04,48.75,0.059833333333333336
Sn04,48.85000000000001,0.06463333333333333
Sn04,48.95,0.0641
Sn04,49.05,0.06673333333333334
Sn04,49.150000000000006,0.0622
Sn04,49.25,0.057833333333333334
Sn04,49.35000000000001,0.05196666666666667
Sn04,49.45,0.04636666666666667
Sn04,49.55,0.04243333333333334
Sn04,49.650000000000006,0.0359
Sn04,49.75,0.029266666666666667
Sn04,49.85000000000001,0.023933333333333334
Sn04,49.95,0.017933333333333332
Sn04,50.05,0.013866666666666666
Sn04,50.150000000000006,0.009866666666666666
Sn04,50.25,0.0078
Sn04,50.35000000000001,0.005
Sn04,50.45,0.0033333333333333335
Sn04,50.55,0.002266666666666667
Sn04,50.650000000000006,0.0014666666666666667
Sn04,50.75,0.0010333333333333334
Sn04,50.85000000000001,0.0006666666666666666
Sn04,50.95,0.0005666666666666667
Sn04,51.05,0.00036666666666666667
Sn04,51.150000000000006,0.00016666666666666666
Sn04,51.25,0.0002
Sn04,51.35000000000001,3.3333333333333335e-05
Ta04,46.35000000000001,3.3333333333333335e-05
Ta04,46.45,6.666666666666667e-05
Ta04,46.55,3.3333333333333335e-05
Ta04,46.650000000000006,0.00013333333333333334
Ta04,46.75,0.0004
Ta04,46.85000000000001,0.0007333333333333333
Ta04,46.95,0.0012
Ta04,47.05,0.0014333333333333333
Ta04,47.150000000000006,0.0020666666666666667
Ta04,47.25,0.0031666666666666666
Ta04,47.35000000000001,0.004666666666666667
Ta04,47.45,0.007166666666666667
Ta04,47.55,0.009433333333333334
Ta04,47.650000000000006,0.011966666666666667
Ta04,47.75,0.015933333333333334
Ta04,47.85000000000001,0.020966666666666668
Ta04,47.95,0.0268
Ta04,48.05,0.03266666666666666
Ta04,48.150000000000006,0.0423
Ta04,48.25,0.0482
Ta04,48.35000000000001,0.0515
Ta04,48.45,0.0564
Ta04,48.55,0.0625
Ta04,48.650000000000006,0.0634
Ta04,48.75,0.06603333333333333
Ta04,48.85000000000001,0.0668
Ta04,48.95,0.0616
Ta04,49.05,0.05686666666666667
Ta04,49.150000000000006,0.05123333333333333
Ta04,49.25,0.046066666666666665
Ta04,49.35000000000001,0.040466666666666665
Ta04,49.45,0.0353
Ta04,49.55,0.0294
Ta04,49.650000000000006,0.022866666666666667
Ta04,49.75,0.016233333333333332
Ta04,49.85000000000001,0.013066666666666667
Ta04,49.95,0.010233333333333334
Ta04,50.05,0.006733333333333333
Ta04,50.150000000000006,0.0047
Ta04,50.25,0.003266666666666667
Ta04,50.35000000000001,0.0017333333333333333
Ta04,50.45,0.0015
Ta04,50.55,0.0009666666666666667
Ta04,50.650000000000006,0.0006666666666666666
Ta04,50.75,0.0004333333333333333
Ta04,50.85000000000001,0.0003333333333333333
Ta04,50.95,0.00023333333333333333
Ta04,51.05,6.666666666666667e-05
Ta04,51.150000000000006,3.3333333333333335e-05
Cu04,46.150000000000006,3.3333333333333335e-05
Cu04,46.25,3.3333333333333335e-05
Cu04,46.35000000000001,6.666666666666667e-05
Cu04,46.45,0.00013333333333333334
Cu04,46.55,0.0003
Cu04,46.650000000000006,0.0007333333333333333
Cu04,46.75,0.0011
Cu04,46.85000000000001,0.0014
Cu04,46.95,0.0019
Cu04,47.05,0.0028333333333333335
Cu04,47.150000000000006,0.004533333333333334
Cu04,47.25,0.006633333333333333
Cu04,47.35000000000001,0.008933333333333333
Cu04,47.45,0.011733333333333333
Cu04,47.55,0.015033333333333333
Cu04,47.650000000000006,0.019466666666666667
Cu04,47.75,0.025366666666666666
Cu04,47.85000000000001,0.0323
Cu04,47.95,0.0396
Cu04,48.05,0.046
Cu04,48.150000000000006,0.051366666666666665
Cu04,48.25,0.05506666666666667
Cu04,48.35000000000001,0.0599
Cu04,48.45,0.0645
Cu04,48.55,0.06566666666666666
Cu04,48.650000000000006,0.06516666666666666
Cu04,48.75,0.06403333333333333
Cu04,48.85000000000001,0.057466666666666666
Cu04,48.95,0.0526
Cu04,49.05,0.047266666666666665
Cu04,49.150000000000006,0.0417
Cu04,49.25,0.036866666666666666
Cu04,49.35000000000001,0.030633333333333332
Cu04,49.45,0.024266666666666666
Cu04,49.55,0.0177
Cu04,49.650000000000006,0.013933333333333334
Cu04,49.75,0.0107
Cu04,49.85000000000001,0.0074
Cu04,49.95,0.005366666666666666
Cu04,50.05,0.0034
Cu04,50.150000000000006,0.0022
Cu04,50.25,0.0016
Cu04,50.35000000000001,0.001
Cu04,50.45,0.0008333333333333334
Cu04,50.55,0.0004333333333333333
Cu04,50.650000000000006,0.0004
Cu04,50.75,0.0002666666666666667
Cu04,50.85000000000001,0.0001
Cu04,50.95,3.3333333333333335e-05
Al_degrader_E8_E1,45.95,3.3333333333333335e-05
Al_degrader_E8_E1,46.05,3.3333333333333335e-05
Al_degrader_E8_E1,46.150000000000006,3.3333333333333335e-05
Al_degrader_E8_E1,46.25,0.0001
Al_degrader_E8_E1,46.35000000000001,0.00023333333333333333
Al_degrader_E8_E1,46.45,0.00046666666666666666
Al_degrader_E8_E1,46.55,0.0009333333333333333
Al_degrader_E8_E1,46.650000000000006,0.0013
Al_degrader_E8_E1,46.75,0.0017
Al_degrader_E8_E1,46.85000000000001,0.0021333333333333334
Al_degrader_E8_E1,46.95,0.0035666666666666668
Al_degrader_E8_E1,47.05,0.005666666666666667
Al_degrader_E8_E1,47.150000000000006,0.008133333333333333
Al_degrader_E8_E1,47.25,0.010033333333333333
Al_degrader_E8_E1,47.35000000000001,0.013333333333333334
Al_degrader_E8_E1,47.45,0.018166666666666668
Al_degrader_E8_E1,47.55,0.022
Al_degrader_E8_E1,47.650000000000006,0.0284
Al_degrader_E8_E1,47.75,0.036833333333333336
Al_degrader_E8_E1,47.85000000000001,0.0442
Al_degrader_E8_E1,47.95,0.048966666666666665
Al_degrader_E8_E1,48.05,0.053366666666666666
Al_degrader_E8_E1,48.150000000000006,0.05876666666666667
Al_degrader_E8_E1,48.25,0.062066666666666666
Al_degrader_E8_E1,48.35000000000001,0.06373333333333334
Al_degrader_E8_E1,48.45,0.06806666666666666
Al_degrader_E8_E1,48.55,0.06503333333333333
Al_degrader_E8_E1,48.650000000000006,0.0603
Al_degrader_E8_E1,48.75,0.05383333333333333
Al_degrader_E8_E1,48.85000000000001,0.0501
Al_degrader_E8_E1,48.95,0.04416666666666667
Al_degrader_E8_E1,49.05,0.038033333333333336
Al_degrader_E8_E1,49.150000000000006,0.034133333333333335
Al_degrader_E8_E1,49.25,0.027733333333333332
Al_degrader_E8_E1,49.35000000000001,0.019466666666666667
Al_degrader_E8_E1,49.45,0.0156
Al_degrader_E8_E1,49.55,0.011733333333333333
Al_degrader_E8_E1,49.650000000000006,0.0094
Al_degrader_E8_E1,49.75,0.0061
Al_degrader_E8_E1,49.85000000000001,0.004
Al_degrader_E8_E1,49.95,0.0027
Al_degrader_E8_E1,50.05,0.0016333333333333334
Al_degrader_E8_E1,50.150000000000006,0.0013666666666666666
Al_degrader_E8_E1,50.25,0.0008333333333333334
Al_degrader_E8_E1,50.35000000000001,0.0006
Al_degrader_E8_E1,50.45,0.00036666666666666667
Al_degrader_E8_E1,50.55,0.0003333333333333333
Al_degrader_E8_E1,50.650000000000006,0.0002
Al_degrader_E8_E1,50.75,6.666666666666667e-05
Ni05,45.75,3.3333333333333335e-05
Ni05,45.85000000000001,3.3333333333333335e-05
Ni05,45.95,3.3333333333333335e-05
Ni05,46.05,6.666666666666667e-05
Ni05,46.150000000000006,0.0002
Ni05,46.25,0.00046666666666666666
Ni05,46.35000000000001,0.0008333333333333334
Ni05,46.45,0.0010666666666666667
Ni05,46.55,0.0015333333333333334
Ni05,46.650000000000006,0.0020666666666666667
Ni05,46.75,0.0033
Ni05,46.85000000000001,0.005233333333333334
Ni05,46.95,0.0072
Ni05,47.05,0.009433333333333334
Ni05,47.150000000000006,0.012066666666666667
Ni05,47.25,0.016266666666666665
Ni05,47.35000000000001,0.0208
Ni05,47.45,0.027066666666666666
Ni05,47.55,0.0335
Ni05,47.650000000000006,0.04226666666666667
Ni05,47.75,0.04686666666666667
Ni05,47.85000000000001,0.0519
Ni05,47.95,0.0565
Ni05,48.05,0.06093333333333333
Ni05,48.150000000000006,0.06353333333333333
Ni05,48.25,0.06503333333333333
Ni05,48.35000000000001,0.06466666666666666
Ni05,48.45,0.06213333333333333
Ni05,48.55,0.0561
Ni05,48.650000000000006,0.05123333333333333
Ni05,48.75,0.046233333333333335
Ni05,48.85000000000001,0.0408
Ni05,48.95,0.035666666666666666
Ni05,49.05,0.0293
Ni05,49.150000000000006,0.022966666666666666
Ni05,49.25,0.017166666666666667
Ni05,49.35000000000001,0.013233333333333333
Ni05,49.45,0.0104
Ni05,49.55,0.0072
Ni05,49.650000000000006,0.004966666666666667
Ni05,49.75,0.0033
Ni05,49.85000000000001,0.0020666666666666667
Ni05,49.95,0.0014666666666666667
Ni05,50.05,0.0009666666666666667
Ni05,50.150000000000006,0.0007333333333333333
Ni05,50.25,0.0004333333333333333
Ni05,50.35000000000001,0.0003333333333333333
Ni05,50.45,0.0002666666666666667
Ni05,50.55,0.0001
Ni05,50.650000000000006,3.3333333333333335e-05
Sn05,45.75,0.0001
Sn05,45.85000000000001,0.0
Sn05,45.95,6.666666666666667e-05
Sn05,46.05,0.00023333333333333333
Sn05,46.150000000000006,0.0004333333333333333
Sn05,46.25,0.0010666666666666667
Sn05,46.35000000000001,0.0013666666666666666
Sn05,46.45,0.0013333333333333333
Sn05,46.55,0.0022333333333333333
Sn05,46.650000000000006,0.0034
Sn05,46.75,0.0054666666666666665
Sn05,46.85000000000001,0.0084
Sn05,46.95,0.0099
Sn05,47.05,0.013433333333333334
Sn05,47.150000000000006,0.0168
Sn05,47.25,0.023
Sn05,47.35000000000001,0.026533333333333332
Sn05,47.45,0.03746666666666667
Sn05,47.55,0.04243333333333334
Sn05,47.650000000000006,0.05156666666666666
Sn05,47.75,0.05056666666666667
Sn05,47.85000000000001,0.05803333333333333
Sn05,47.95,0.06303333333333333
Sn05,48.05,0.06366666666666666
Sn05,48.150000000000006,0.06683333333333333
Sn05,48.25,0.06623333333333334
Sn05,48.35000000000001,0.060333333333333336
Sn05,48.45,0.053733333333333334
Sn05,48.55,0.05106666666666667
Sn05,48.650000000000006,0.043633333333333336
Sn05,48.75,0.0383
Sn05,48.85000000000001,0.03476666666666667
Sn05,48.95,0.028666666666666667
Sn05,49.05,0.019866666666666668
Sn05,49.150000000000006,0.015
Sn05,49.25,0.012766666666666667
Sn05,49.35000000000001,0.009133333333333334
Sn05,49.45,0.006633333333333333
Sn05,49.55,0.004
Sn05,49.650000000000006,0.0029
Sn05,49.75,0.0017666666666666666
Sn05,49.85000000000001,0.0011666666666666668
Sn05,49.95,0.0012
Sn05,50.05,0.0005333333333333334
Sn05,50.150000000000006,0.00023333333333333333
Sn05,50.25,0.00046666666666666666
Sn05,50.35000000000001,0.00013333333333333334
Sn05,50.45,0.0001
Ta05,45.55,3.3333333333333335e-05
Ta05,45.650000000000006,3.3333333333333335e-05
Ta05,45.75,6.666666666666667e-05
Ta05,45.85000000000001,0.0001
Ta05,45.95,0.0002666666666666667
Ta05,46.05,0.0006
Ta05,46.150000000000006,0.0011
Ta05,46.25,0.0012666666666666666
Ta05,46.35000000000001,0.0017666666666666666
Ta05,46.45,0.0023333333333333335
Ta05,46.55,0.003833333333333333
Ta05,46.650000000000006,0.0061333333333333335
Ta05,46.75,0.008333333333333333
Ta05,46.85000000000001,0.0107
Ta05,46.95,0.013966666666666667
Ta05,47.05,0.018466666666666666
Ta05,47.150000000000006,0.022366666666666667
Ta05,47.25,0.030133333333333335
Ta05,47.35000000000001,0.0361
Ta05,47.45,0.044833333333333336
Ta05,47.55,0.0488
Ta05,47.650000000000006,0.05396666666666667
Ta05,47.75,0.05823333333333333
Ta05,47.85000000000001,0.061733333333333335
Ta05,47.95,0.06463333333333333
Ta05,48.05,0.0666
Ta05,48.150000000000006,0.0649
Ta05,48.25,0.05896666666666667
Ta05,48.35000000000001,0.05366666666666667
Ta05,48.45,0.0494
Ta05,48.55,0.04323333333333333
Ta05,48.650000000000006,0.037733333333333334
Ta05,48.75,0.03333333333333333
Ta05,48.85000000000001,0.027633333333333333
Ta05,48.95,0.019466666666666667
Ta05,49.05,0.015733333333333332
Ta05,49.150000000000006,0.011533333333333333
Ta05,49.25,0.009166666666666667
Ta05,49.35000000000001,0.006366666666666666
Ta05,49.45,0.004033333333333333
Ta05,49.55,0.0027333333333333333
Ta05,49.650000000000006,0.0018666666666666666
Ta05,49.75,0.0013
Ta05,49.85000000000001,0.0009666666666666667
Ta05,49.95,0.0005666666666666667
Ta05,50.05,0.0004333333333333333
Ta05,50.150000000000006,0.0002666666666666667
Ta05,50.25,0.0002
Ta05,50.35000000000001,6.666666666666667e-05
Ta05,50.45,3.3333333333333335e-05
Cu05,45.35000000000001,3.3333333333333335e-05
Cu05,45.45,3.3333333333333335e-05
Cu05,45.55,6.666666666666667e-05
Cu05,45.650000000000006,0.0001
Cu05,45.75,0.0002
Cu05,45.85000000000001,0.0005666666666666667
Cu05,45.95,0.0009666666666666667
Cu05,46.05,0.0012333333333333332
Cu05,46.150000000000006,0.0017
Cu05,46.25,0.0021666666666666666
Cu05,46.35000000000001,0.0035666666666666668
Cu05,46.45,0.0057
Cu05,46.55,0.007866666666666666
Cu05,46.650000000000006,0.010433333333333333
Cu05,46.75,0.0133
Cu05,46.85000000000001,0.017566666666666668
Cu05,46.95,0.0212
Cu05,47.05,0.028666666666666667
Cu05,47.150000000000006,0.035366666666666664
Cu05,47.25,0.0436
Cu05,47.35000000000001,0.04683333333333333
Cu05,47.45,0.05316666666666667
Cu05,47.55,0.0568
Cu05,47.650000000000006,0.0617
Cu05,47.75,0.0637
Cu05,47.85000000000001,0.0652
Cu05,47.95,0.06526666666666667
Cu05,48.05,0.0602
Cu05,48.150000000000006,0.0552
Cu05,48.25,0.049633333333333335
Cu05,48.35000000000001,0.044833333333333336
Cu05,48.45,0.03896666666666666
Cu05,48.55,0.034133333333333335
Cu05,48.650000000000006,0.028866666666666665
Cu05,48.75,0.021766666666666667
Cu05,48.85000000000001,0.016266666666666665
Cu05,48.95,0.0127
Cu05,49.05,0.0099
Cu05,49.150000000000006,0.0067
Cu05,49.25,0.0046
Cu05,49.35000000000001,0.0031333333333333335
Cu05,49.45,0.0018666666666666666
Cu05,49.55,0.0015
Cu05,49.650000000000006,0.0009333333333333333
Cu05,49.75,0.0006666666666666666
Cu05,49.85000000000001,0.00046666666666666666
Cu05,49.95,0.0002666666666666667
Cu05,50.05,0.0003
Cu05,50.150000000000006,6.666666666666667e-05
Cu05,50.25,3.3333333333333335e-05
Al_degrader_E4_E3_E2,45.150000000000006,3.3333333333333335e-05
Al_degrader_E4_E3_E2,45.25,3.3333333333333335e-05
Al_degrader_E4_E3_E2,45.35000000000001,6.666666666666667e-05
Al_degrader_E4_E3_E2,45.45,0.0001
Al_degrader_E4_E3_E2,45.55,0.0002
Al_degrader_E4_E3_E2,45.650000000000006,0.0005333333333333334
Al_degrader_E4_E3_E2,45.75,0.0009333333333333333
Al_degrader_E4_E3_E2,45.85000000000001,0.0012666666666666666
Al_degrader_E4_E3_E2,45.95,0.0016333333333333334
Al_degrader_E4_E3_E2,46.05,0.0022333333333333333
Al_degrader_E4_E3_E2,46.150000000000006,0.0034666666666666665
Al_degrader_E4_E3_E2,46.25,0.0055
Al_degrader_E4_E3_E2,46.35000000000001,0.007733333333333333
Al_degrader_E4_E3_E2,46.45,0.010333333333333333
Al_degrader_E4_E3_E2,46.55,0.013066666666666667
Al_degrader_E4_E3_E2,46.650000000000006,0.017066666666666667
Al_degrader_E4_E3_E2,46.75,0.021033333333333334
Al_degrader_E4_E3_E2,46.85000000000001,0.027866666666666668
Al_degrader_E4_E3_E2,46.95,0.0346
Al_degrader_E4_E3_E2,47.05,0.04356666666666666
Al_degrader_E4_E3_E2,47.150000000000006,0.046533333333333336
Al_degrader_E4_E3_E2,47.25,0.052033333333333334
Al_degrader_E4_E3_E2,47.35000000000001,0.05636666666666667
Al_degrader_E4_E3_E2,47.45,0.06113333333333333
Al_degrader_E4_E3_E2,47.55,0.0634
Al_degrader_E4_E3_E2,47.650000000000006,0.06496666666666667
Al_degrader_E4_E3_E2,47.75,0.06476666666666667
Al_degrader_E4_E3_E2,47.85000000000001,0.0605
Al_degrader_E4_E3_E2,47.95,0.0556
Al_degrader_E4_E3_E2,48.05,0.050166666666666665
Al_degrader_E4_E3_E2,48.150000000000006,0.045033333333333335
Al_degrader_E4_E3_E2,48.25,0.03983333333333333
Al_degrader_E4_E3_E2,48.35000000000001,0.03523333333333333
Al_degrader_E4_E3_E2,48.45,0.0285
Al_degrader_E4_E3_E2,48.55,0.0227
Al_degrader_E4_E3_E2,48.650000000000006,0.016866666666666665
Al_degrader_E4_E3_E2,48.75,0.013066666666666667
Al_degrader_E4_E3_E2,48.85000000000001,0.0103
Al_degrader_E4_E3_E2,48.95,0.0071
Al_degrader_E4_E3_E2,49.05,0.004866666666666667
Al_degrader_E4_E3_E2,49.150000000000006,0.0033
Al_degrader_E4_E3_E2,49.25,0.0021
Al_degrader_E4_E3_E2,49.35000000000001,0.0014333333333333333
Al_degrader_E4_E3_E2,49.45,0.001
Al_degrader_E4_E3_E2,49.55,0.0007666666666666667
Al_degrader_E4_E3_E2,49.650000000000006,0.0004
Al_degrader_E4_E3_E2,49.75,0.00036666666666666667
Al_degrader_E4_E3_E2,49.85000000000001,0.0002666666666666667
Al_degrader_E4_E3_E2,49.95,0.0001
Al_degrader_E4_E3_E2,50.05,3.3333333333333335e-05
Ni06,44.95,3.3333333333333335e-05
Ni06,45.05,3.3333333333333335e-05
Ni06,45.150000000000006,6.666666666666667e-05
Ni06,45.25,0.00013333333333333334
Ni06,45.35000000000001,0.0002
Ni06,45.45,0.0005666666666666667
Ni06,45.55,0.0009666666666666667
Ni06,45.650000000000006,0.0012
Ni06,45.75,0.0016666666666666668
Ni06,45.85000000000001,0.0022333333333333333
Ni06,45.95,0.0035
Ni06,46.05,0.0056
Ni06,46.150000000000006,0.0078
Ni06,46.25,0.0102
Ni06,46.35000000000001,0.0131
Ni06,46.45,0.017233333333333333
Ni06,46.55,0.020933333333333335
Ni06,46.650000000000006,0.028033333333333334
Ni06,46.75,0.03426666666666667
Ni06,46.85000000000001,0.043166666666666666
Ni06,46.95,0.046566666666666666
Ni06,47.05,0.052
Ni06,47.150000000000006,0.0559
Ni06,47.25,0.06096666666666667
Ni06,47.35000000000001,0.06326666666666667
Ni06,47.45,0.0646
Ni06,47.55,0.06433333333333334
Ni06,47.650000000000006,0.06063333333333333
Ni06,47.75,0.05506666666666667
Ni06,47.85000000000001,0.05026666666666667
Ni06,47.95,0.04546666666666667
Ni06,48.05,0.0401
Ni06,48.150000000000006,0.035133333333333336
Ni06,48.25,0.0289
Ni06,48.35000000000001,0.0231
Ni06,48.45,0.0168
Ni06,48.55,0.0131
Ni06,48.650000000000006,0.0104
Ni06,48.75,0.0072
Ni06,48.85000000000001,0.005166666666666667
Ni06,48.95,0.0033333333333333335
Ni06,49.05,0.0021666666666666666
Ni06,49.150000000000006,0.0015
Ni06,49.25,0.0009333333333333333
Ni06,49.35000000000001,0.0008666666666666666
Ni06,49.45,0.0005333333333333334
Ni06,49.55,0.0003333333333333333
Ni06,49.650000000000006,0.0002666666666666667
Ni06,49.75,0.00013333333333333334
Ni06,49.85000000000001,3.3333333333333335e-05
Sn06,44.85000000000001,3.3333333333333335e-05
Sn06,44.95,6.666666666666667e-05
Sn06,45.05,0.0
Sn06,45.150000000000006,0.00013333333333333334
Sn06,45.25,0.0003333333333333333
Sn06,45.35000000000001,0.0005333333333333334
Sn06,45.45,0.0012
Sn06,45.55,0.0014
Sn06,45.650000000000006,0.0016
Sn06,45.75,0.0024666666666666665
Sn06,45.85000000000001,0.0039
Sn06,45.95,0.0058
Sn06,46.05,0.008966666666666666
Sn06,46.150000000000006,0.010133333333333333
Sn06,46.25,0.014066666666666667
Sn06,46.35000000000001,0.018233333333333334
Sn06,46.45,0.0234
Sn06,46.55,0.027766666666666665
Sn06,46.650000000000006,0.038
Sn06,46.75,0.043666666666666666
Sn06,46.85000000000001,0.05046666666666667
Sn06,46.95,0.050333333333333334
Sn06,47.05,0.0579
Sn06,47.150000000000006,0.06316666666666666
Sn06,47.25,0.06326666666666667
Sn06,47.35000000000001,0.0661
Sn06,47.45,0.06543333333333333
Sn06,47.55,0.059333333333333335
Sn06,47.650000000000006,0.052
Sn06,47.75,0.05023333333333333
Sn06,47.85000000000001,0.04346666666666667
Sn06,47.95,0.03743333333333333
Sn06,48.05,0.0346
Sn06,48.150000000000006,0.028233333333333333
Sn06,48.25,0.0197
Sn06,48.35000000000001,0.0153
Sn06,48.45,0.0125
Sn06,48.55,0.0092
Sn06,48.650000000000006,0.006666666666666667
Sn06,48.75,0.0041333333333333335
Sn06,48.85000000000001,0.0029333333333333334
Sn06,48.95,0.0019
Sn06,49.05,0.0012666666666666666
Sn06,49.150000000000006,0.0010333333333333334
Sn06,49.25,0.0006333333333333333
Sn06,49.35000000000001,0.0003
Sn06,49.45,0.00046666666666666666
Sn06,49.55,0.0002
Sn06,49.650000000000006,0.0001
Ta06,44.75,6.666666666666667e-05
Ta06,44.85000000000001,3.3333333333333335e-05
Ta06,44.95,3.3333333333333335e-05
Ta06,45.05,0.00016666666666666666
Ta06,45.150000000000006,0.00036666666666666667
Ta06,45.25,0.0007333333333333333
Ta06,45.35000000000001,0.0011333333333333334
Ta06,45.45,0.0014333333333333333
Ta06,45.55,0.0019333333333333333
Ta06,45.650000000000006,0.0028666666666666667
Ta06,45.75,0.004533333333333334
Ta06,45.85000000000001,0.006366666666666666
Ta06,45.95,0.0087
Ta06,46.05,0.011833333333333333
Ta06,46.150000000000006,0.014133333333333333
Ta06,46.25,0.019133333333333332
Ta06,46.35000000000001,0.024
Ta06,46.45,0.030133333333333335
Ta06,46.55,0.0381
Ta06,46.650000000000006,0.0446
Ta06,46.75,0.04973333333333333
Ta06,46.85000000000001,0.053266666666666664
Ta06,46.95,0.05803333333333333
Ta06,47.05,0.06093333333333333
Ta06,47.150000000000006,0.06513333333333333
Ta06,47.25,0.0651
Ta06,47.35000000000001,0.0637
Ta06,47.45,0.05776666666666667
Ta06,47.55,0.0527
Ta06,47.650000000000006,0.04833333333333333
Ta06,47.75,0.04273333333333333
Ta06,47.85000000000001,0.03743333333333333
Ta06,47.95,0.03256666666666667
Ta06,48.05,0.027433333333333334
Ta06,48.150000000000006,0.0192
Ta06,48.25,0.015633333333333332
Ta06,48.35000000000001,0.0117
Ta06,48.45,0.008966666666666666
Ta06,48.55,0.0065
Ta06,48.650000000000006,0.004233333333333334
Ta06,48.75,0.002766666666666667
Ta06,48.85000000000001,0.0018666666666666666
Ta06,48.95,0.0012666666666666666
Ta06,49.05,0.0010666666666666667
Ta06,49.150000000000006,0.0005666666666666667
Ta06,49.25,0.0004333333333333333
Ta06,49.35000000000001,0.0003
Ta06,49.45,0.00023333333333333333
Ta06,49.55,6.666666666666667e-05
Ta06,49.650000000000006,3.3333333333333335e-05
Cu06,44.55,3.3333333333333335e-05
Cu06,44.650000000000006,3.3333333333333335e-05
Cu06,44.75,6.666666666666667e-05
Cu06,44.85000000000001,0.00013333333333333334
Cu06,44.95,0.0003333333333333333
Cu06,45.05,0.0007333333333333333
Cu06,45.150000000000006,0.0010666666666666667
Cu06,45.25,0.0014
Cu06,45.35000000000001,0.0018
Cu06,45.45,0.0026666666666666666
Cu06,45.55,0.004066666666666666
Cu06,45.650000000000006,0.006233333333333333
Cu06,45.75,0.008233333333333334
Cu06,45.85000000000001,0.0109
Cu06,45.95,0.014266666666666667
Cu06,46.05,0.018566666666666665
Cu06,46.150000000000006,0.022233333333333334
Cu06,46.25,0.0299
Cu06,46.35000000000001,0.03576666666666667
Cu06,46.45,0.04393333333333333
Cu06,46.55,0.048233333333333336
Cu06,46.650000000000006,0.0529
Cu06,46.75,0.0564
Cu06,46.85000000000001,0.0615
Cu06,46.95,0.0638
Cu06,47.05,0.06466666666666666
Cu06,47.150000000000006,0.0639
Cu06,47.25,0.059533333333333334
Cu06,47.35000000000001,0.053566666666666665
Cu06,47.45,0.0484
Cu06,47.55,0.04393333333333333
Cu06,47.650000000000006,0.03796666666666667
Cu06,47.75,0.03403333333333333
Cu06,47.85000000000001,0.0282
Cu06,47.95,0.021333333333333333
Cu06,48.05,0.016
Cu06,48.150000000000006,0.012566666666666667
Cu06,48.25,0.0099
Cu06,48.35000000000001,0.0067
Cu06,48.45,0.004633333333333333
Cu06,48.55,0.0031666666666666666
Cu06,48.650000000000006,0.0019666666666666665
Cu06,48.75,0.0014666666666666667
Cu06,48.85000000000001,0.0010666666666666667
Cu06,48.95,0.0006333333333333333
Cu06,49.05,0.0004
Cu06,49.150000000000006,0.00036666666666666667
Cu06,49.25,0.0002666666666666667
Cu06,49.35000000000001,0.0001
Cu06,49.45,3.3333333333333335e-05
Al_degrader_E7_E6_E5,44.35000000000001,3.3333333333333335e-05
Al_degrader_E7_E6_E5,44.45,3.3333333333333335e-05
Al_degrader_E7_E6_E5,44.55,6.666666666666667e-05
Al_degrader_E7_E6_E5,44.650000000000006,0.00016666666666666666
Al_degrader_E7_E6_E5,44.75,0.0003
Al_degrader_E7_E6_E5,44.85000000000001,0.0007
Al_degrader_E7_E6_E5,44.95,0.0011
Al_degrader_E7_E6_E5,45.05,0.0014
Al_degrader_E7_E6_E5,45.150000000000006,0.0018333333333333333
Al_degrader_E7_E6_E5,45.25,0.0026
Al_degrader_E7_E6_E5,45.35000000000001,0.004066666666666666
Al_degrader_E7_E6_E5,45.45,0.005966666666666667
Al_degrader_E7_E6_E5,45.55,0.008133333333333333
Al_degrader_E7_E6_E5,45.650000000000006,0.011033333333333332
Al_degrader_E7_E6_E5,45.75,0.014033333333333333
Al_degrader_E7_E6_E5,45.85000000000001,0.018166666666666668
Al_degrader_E7_E6_E5,45.95,0.0224
Al_degrader_E7_E6_E5,46.05,0.029
Al_degrader_E7_E6_E5,46.150000000000006,0.0353
Al_degrader_E7_E6_E5,46.25,0.0436
Al_degrader_E7_E6_E5,46.35000000000001,0.04783333333333333
Al_degrader_E7_E6_E5,46.45,0.053033333333333335
Al_degrader_E7_E6_E5,46.55,0.05623333333333334
Al_degrader_E7_E6_E5,46.650000000000006,0.06023333333333333
Al_degrader_E7_E6_E5,46.75,0.06356666666666666
Al_degrader_E7_E6_E5,46.85000000000001,0.06423333333333334
Al_degrader_E7_E6_E5,46.95,0.06386666666666667
Al_degrader_E7_E6_E5,47.05,0.05896666666666667
Al_degrader_E7_E6_E5,47.150000000000006,0.054233333333333335
Al_degrader_E7_E6_E5,47.25,0.04903333333333333
Al_degrader_E7_E6_E5,47.35000000000001,0.04416666666666667
Al_degrader_E7_E6_E5,47.45,0.038733333333333335
Al_degrader_E7_E6_E5,47.55,0.034133333333333335
Al_degrader_E7_E6_E5,47.650000000000006,0.0281
Al_degrader_E7_E6_E5,47.75,0.022433333333333333
Al_degrader_E7_E6_E5,47.85000000000001,0.0164
Al_degrader_E7_E6_E5,47.95,0.012866666666666667
Al_degrader_E7_E6_E5,48.05,0.010066666666666666
Al_degrader_E7_E6_E5,48.150000000000006,0.0071333333333333335
Al_degrader_E7_E6_E5,48.25,0.0049
Al_degrader_E7_E6_E5,48.35000000000001,0.0032
Al_degrader_E7_E6_E5,48.45,0.0021333333333333334
Al_degrader_E7_E6_E5,48.55,0.0015
Al_degrader_E7_E6_E5,48.650000000000006,0.0009
Al_degrader_E7_E6_E5,48.75,0.0009
Al_degrader_E7_E6_E5,48.85000000000001,0.0004333333333333333
Al_degrader_E7_E6_E5,48.95,0.0004
Al_degrader_E7_E6_E5,49.05,0.0002666666666666667
Al_degrader_E7_E6_E5,49.150000000000006,0.00013333333333333334
Al_degrader_E7_E6_E5,49.25,3.3333333333333335e-05
Ni07,44.05,3.3333333333333335e-05
Ni07,44.150000000000006,0.0
Ni07,44.25,3.3333333333333335e-05
Ni07,44.35000000000001,6.666666666666667e-05
Ni07,44.45,0.00016666666666666666
Ni07,44.55,0.0003333333333333333
Ni07,44.650000000000006,0.0007333333333333333
Ni07,44.75,0.0010333333333333334
Ni07,44.85000000000001,0.0014666666666666667
Ni07,44.95,0.0019
Ni07,45.05,0.0027333333333333333
Ni07,45.150000000000006,0.0041
Ni07,45.25,0.006066666666666666
Ni07,45.35000000000001,0.008266666666666667
Ni07,45.45,0.011066666666666667
Ni07,45.55,0.013966666666666667
Ni07,45.650000000000006,0.018366666666666667
Ni07,45.75,0.022733333333333335
Ni07,45.85000000000001,0.028933333333333332
Ni07,45.95,0.0353
Ni07,46.05,0.04346666666666667
Ni07,46.150000000000006,0.04763333333333333
Ni07,46.25,0.05276666666666667
Ni07,46.35000000000001,0.0563
Ni07,46.45,0.0602
Ni07,46.55,0.0633
Ni07,46.650000000000006,0.06396666666666667
Ni07,46.75,0.06353333333333333
Ni07,46.85000000000001,0.058866666666666664
Ni07,46.95,0.054233333333333335
Ni07,47.05,0.048433333333333335
Ni07,47.150000000000006,0.0441
Ni07,47.25,0.039066666666666666
Ni07,47.35000000000001,0.03436666666666666
Ni07,47.45,0.028166666666666666
Ni07,47.55,0.022233333333333334
Ni07,47.650000000000006,0.016633333333333333
Ni07,47.75,0.013
Ni07,47.85000000000001,0.0101
Ni07,47.95,0.007033333333333333
Ni07,48.05,0.0051333333333333335
Ni07,48.150000000000006,0.003266666666666667
Ni07,48.25,0.0022
Ni07,48.35000000000001,0.0015
Ni07,48.45,0.0010333333333333334
Ni07,48.55,0.0008
Ni07,48.650000000000006,0.00046666666666666666
Ni07,48.75,0.0004
Ni07,48.85000000000001,0.0002666666666666667
Ni07,48.95,0.0002
Ni07,49.05,3.3333333333333335e-05
Sn07,43.95,6.666666666666667e-05
Sn07,44.05,3.3333333333333335e-05
Sn07,44.150000000000006,3.3333333333333335e-05
Sn07,44.25,0.00016666666666666666
Sn07,44.35000000000001,0.0003333333333333333
Sn07,44.45,0.0007
Sn07,44.55,0.0010666666666666667
Sn07,44.650000000000006,0.0014333333333333333
Sn07,44.75,0.0018333333333333333
Sn07,44.85000000000001,0.0027
Sn07,44.95,0.004
Sn07,45.05,0.006266666666666667
Sn07,45.150000000000006,0.008133333333333333
Sn07,45.25,0.010633333333333333
Sn07,45.35000000000001,0.014233333333333334
Sn07,45.45,0.01806666666666667
Sn07,45.55,0.022033333333333332
Sn07,45.650000000000006,0.029133333333333334
Sn07,45.75,0.035333333333333335
Sn07,45.85000000000001,0.043
Sn07,45.95,0.0472
Sn07,46.05,0.052066666666666664
Sn07,46.150000000000006,0.05616666666666666
Sn07,46.25,0.060366666666666666
Sn07,46.35000000000001,0.062266666666666665
Sn07,46.45,0.06426666666666667
Sn07,46.55,0.0635
Sn07,46.650000000000006,0.059166666666666666
Sn07,46.75,0.054066666666666666
Sn07,46.85000000000001,0.049
Sn07,46.95,0.0445
Sn07,47.05,0.038933333333333334
Sn07,47.150000000000006,0.0348
Sn07,47.25,0.028666666666666667
Sn07,47.35000000000001,0.022766666666666668
Sn07,47.45,0.016566666666666667
Sn07,47.55,0.013333333333333334
Sn07,47.650000000000006,0.0103
Sn07,47.75,0.0072
Sn07,47.85000000000001,0.0051333333333333335
Sn07,47.95,0.0034666666666666665
Sn07,48.05,0.0022
Sn07,48.150000000000006,0.0015333333333333334
Sn07,48.25,0.0010666666666666667
Sn07,48.35000000000001,0.0008666666666666666
Sn07,48.45,0.0005
Sn07,48.55,0.00036666666666666667
Sn07,48.650000000000006,0.00023333333333333333
Sn07,48.75,0.00023333333333333333
Sn07,48.85000000000001,6.666666666666667e-05
Ta07,43.75,3.3333333333333335e-05
Ta07,43.85000000000001,3.3333333333333335e-05
Ta07,43.95,6.666666666666667e-05
Ta07,44.05,0.00013333333333333334
Ta07,44.150000000000006,0.0003
Ta07,44.25,0.0007666666666666667
Ta07,44.35000000000001,0.0009666666666666667
Ta07,44.45,0.0014
Ta07,44.55,0.0016
Ta07,44.650000000000006,0.0026
Ta07,44.75,0.0036333333333333335
Ta07,44.85000000000001,0.006
Ta07,44.95,0.0079
Ta07,45.05,0.0103
Ta07,45.150000000000006,0.013533333333333333
Ta07,45.25,0.017333333333333333
Ta07,45.35000000000001,0.021033333333333334
Ta07,45.45,0.028033333333333334
Ta07,45.55,0.0347
Ta07,45.650000000000006,0.0423
Ta07,45.75,0.045733333333333334
Ta07,45.85000000000001,0.0511
Ta07,45.95,0.0556
Ta07,46.05,0.0598
Ta07,46.150000000000006,0.06116666666666667
Ta07,46.25,0.0635
Ta07,46.35000000000001,0.06413333333333333
Ta07,46.45,0.05993333333333333
Ta07,46.55,0.0548
Ta07,46.650000000000006,0.05006666666666667
Ta07,46.75,0.045233333333333334
Ta07,46.85000000000001,0.039733333333333336
Ta07,46.95,0.03613333333333334
Ta07,47.05,0.029633333333333334
Ta07,47.150000000000006,0.023933333333333334
Ta07,47.25,0.017333333333333333
Ta07,47.35000000000001,0.013633333333333334
Ta07,47.45,0.0109
Ta07,47.55,0.008166666666666666
Ta07,47.650000000000006,0.005533333333333334
Ta07,47.75,0.0034333333333333334
Ta07,47.85000000000001,0.0025666666666666667
Ta07,47.95,0.0017333333333333333
Ta07,48.05,0.0010666666666666667
Ta07,48.150000000000006,0.0009333333333333333
Ta07,48.25,0.0006
Ta07,48.35000000000001,0.00036666666666666667
Ta07,48.45,0.0002666666666666667
Ta07,48.55,0.0002
Ta07,48.650000000000006,6.666666666666667e-05
Ta07,48.75,3.3333333333333335e-05
Cu07,43.55,3.3333333333333335e-05
Cu07,43.650000000000006,3.3333333333333335e-05
Cu07,43.75,6.666666666666667e-05
Cu07,43.85000000000001,0.00013333333333333334
Cu07,43.95,0.0003
Cu07,44.05,0.0006666666666666666
Cu07,44.150000000000006,0.0010333333333333334
Cu07,44.25,0.0013
Cu07,44.35000000000001,0.0016
Cu07,44.45,0.0023
Cu07,44.55,0.003533333333333333
Cu07,44.650000000000006,0.0058
Cu07,44.75,0.007666666666666666
Cu07,44.85000000000001,0.010166666666666666
Cu07,44.95,0.012966666666666666
Cu07,45.05,0.0167
Cu07,45.150000000000006,0.020666666666666667
Cu07,45.25,0.0269
Cu07,45.35000000000001,0.0332
Cu07,45.45,0.04203333333333333
Cu07,45.55,0.0454
Cu07,45.650000000000006,0.050166666666666665
Cu07,45.75,0.05396666666666667
Cu07,45.85000000000001,0.059566666666666664
Cu07,45.95,0.0612
Cu07,46.05,0.06236666666666667
Cu07,46.150000000000006,0.06316666666666666
Cu07,46.25,0.06133333333333333
Cu07,46.35000000000001,0.0554
Cu07,46.45,0.05093333333333333
Cu07,46.55,0.046066666666666665
Cu07,46.650000000000006,0.04066666666666666
Cu07,46.75,0.03593333333333333
Cu07,46.85000000000001,0.0306
Cu07,46.95,0.025266666666666666
Cu07,47.05,0.0183
Cu07,47.150000000000006,0.014333333333333333
Cu07,47.25,0.0111
Cu07,47.35000000000001,0.008666666666666666
Cu07,47.45,0.006033333333333333
Cu07,47.55,0.003933333333333333
Cu07,47.650000000000006,0.0027333333333333333
Cu07,47.75,0.0018
Cu07,47.85000000000001,0.0013
Cu07,47.95,0.0010666666666666667
Cu07,48.05,0.0005333333333333334
Cu07,48.150000000000006,0.0004
Cu07,48.25,0.0003333333333333333
Cu07,48.35000000000001,0.00023333333333333333
Cu07,48.45,6.666666666666667e-05
Cu07,48.55,3.3333333333333335e-05
